Root,Meaning,Closest Concepticon Match (unreliable)
ā,(an exclamation),AT
abʰ-,"swift, quick, abrupt","ERUPT, QUICKLY, SUIT"
1. ai,(an exclamation),AT
aḱru,tear(drop),
"āmer-, āmōr, āmr̥",day,DRY
"ames-, or omes-","blackbird: <b>merl</b>, <b>ousel</b>","BLACKBOARD, MEAL, LOUSE"
ant-s,"brow, front, <b>anterior</b>","BROWN, FROST"
"arōd-, arəd-",(type of waterbird),"OR, TULE"
"ati, ato-","over, beyond","BEND, OVEN"
"10. au̯(e)-, au̯ē(i)-, u̯ē-","to <b>vent</b>, blow","VEST, TWO, FLOW"
bata-,"babble, murmur, meaningless stuttering","BUBBLE, MURDER"
bʰar- : bʰor- : bʰr̥-,"<b>burr</b>, stubble; something jutting out","OAT, BURY, STUMBLE"
"2. bʰē̆, bʰō̆",(emphatic particle),
"bʰeg-, bʰeng-","to <b>bang</b>, break, smash","HANG, SPLASH, TWO, BEAK"
1. bʰeidʰ-,"to force; advise, <b>confide</b>, encourage","FORGE, TWO, COURAGE"
2. bʰel-,henbane,
bʰeres-,"quick, <b>festinate</b>","OBSTINATE, QUICKLY"
4. bʰeug-,to enjoy,"TWO, JOY"
bʰləido-s,"pale, light","TIGHT, MALE"
bʰorgʷo-s,"gruff, unfriendly",GULF
1. bʰreǵ-,to <b>break</b>,"TWO, BEAK"
bʰres-,"to <b>burst</b>, break","MUST, TWO, BEAK"
bis-(t)li-,gall,GILL
blat-,"to chat, prattle","WHAT, TWO, RATTLE"
blē-,to bleat,"BEAT, TWO"
"dāiu̯ēr, genitive daiu̯rés",brother-in-law,BROTHER-IN-LAW
*dəǵʰ-mó-,slanting,
dəǵʰ-mó-s,slanting,
"derə-, drā-",to work,"TWO, WOK"
"2. der-, reduplicated der-der-, dr̥d<sub>o</sub>r-, broken reduplication dor-d-, dr̥-d-","(onomatopoeic: to mutter, grumble)","MATTER, MUMBLE, TWO"
?*dʰeh₂g/g̑-{1},"sharpen, hone","SHAPE, HONEY"
2. dʰel-,to light; shining,"TIGHT, STINKING, TWO"
3. dʰel-,to tremble,"TEMPLE, TWO"
"dʰerbʰ-, dʰerəbʰ-?",to work,"TWO, WOK"
dʰerebʰ-,to harden; coagulated,"TWO, GARDEN"
dʰeregʰ-,bushy plants,"BUSH, PLATE"
dʰō-,to sharpen,"TWO, SHAPE"
2. dʰregʰ-,"to hurt, torment","FERMENT, TWO, HUNT"
dʰrono-,multicolored?,
"dʰu̯er-, dʰu̯erə-",to harm by trickery/deception,"ARM, TWO, BUY"
dreǵʰ-,"vexed, displeased, unwilling",WEED
du̯ei-,to fear,"WEAR, TWO"
?*du̯er-{1},run/walk,
1. edʰ-,"tip, point","HIP, JOINT"
eg-,lack (of something),"OR, BACK"
"eʰem, eʰeu, eʰo",<b>aha</b>! <b>oho</b>! (exclamation),"WHO, AWE"
2. ē̆i,O (vocative particle),GO
2. el-,"to lie, recline","LIKE, TWO"
"eneḱ-, neḱ-, enḱ-, n̥ḱ-","to reach, obtain","PREACH, TWO, CONTAIN"
"enos-, or onos-","<b>onus</b>, burden","BORDER, ANUS"
"2. ē, ō",oh (vocative interjection),OR
epero-,wild boar,"WIND, BOAT"
epʰ-,to cook,"LOOK, TWO"
"4. er-, er-t-, er-u̯-",<b>earth</b>,MARSH
1. ereu-,"to ask, seek","WEEK, MASK, TWO"
eti,"out, beyond, etc.","OAT, PET, BEND"
ētro-,"quick, swift, hurried","SUIT, QUICKLY"
"gag-, gōg-",something round/lumpy,
gan(dʰ)-,vessel,WEASEL
gang-,"to mock, scorn","ACORN, TWO, LOCK"
"ǵēi-, ǵī-",to sprout,"TWO, TROUT"
"2. gel-, and gʷel-","to <b>glut</b>, devour, envelop","ENVELOPE, TWO, GLUE"
"geng-, gong-",lump,JUMP
"gʰe-, gʰo-",(enclitic (emphatic?) particle),
gʰelǵʰ-,gland,LAND
"ǵʰerdʰ-, and gʰerdʰ-","to <b>gird</b>, enclose, encompass","COMPASS, GIRL, TWO"
"5. ǵʰer-, ǵʰor-nā",bowels,BOWL
gʰom-,stall,SMALL
gʰou-ro-s,"frightened, frightening",FRIGHTEN
gʰreib-,"to <b>grip</b>, grab","GREY, TWO, CRAB"
ǵʰu̯en-,to sound,"WOUND, TWO"
ǵ(<sub>e</sub>)lōu̯-,sister-in-law,SISTER-IN-LAW
?*g(ʷ)ʰer-{1},to drip,"DROP, TWO"
"gʷii̯ā, gʷii̯ós",sinew,SNOW
ʰā̆,(surprise: <b>ha</b>! oh!),"SURPRISED, HE, OR"
*h₃erg-{1},to perish,"PENIS, TWO"
*h₂teu̯g/g̑-{1},Spread terror,"SPEAK, MIRROR"
*h₂u̯ei̯-,run/walk,
i̯ēk- : i̯ək-,to heal,"MEAL, TWO"
"i̯énəter-, weak case i̯<sub>e</sub>nətr-, i̯n̥̄tr-",sister-in-law,SISTER-IN-LAW
i̯et-,"to set out, strive for","OAT, FAR, PET, STRIKE, TWO"
?2.*i̯eu̯-{1},(sich) fernhalten; weichen,RICH
i̯euǵ-,"to excite, arouse; unsteady","INSTEAD, TWO, LOUSE, EXCITED"
2. i̯ū̆,<b>yowl</b> (exclamation of joy/wonder),"OR, FOWL"
kai-ko-,"one-eyed, <b>cyclopean</b>",
kāk-,to croak; cracking sound,"WOUND, TWO, CLOAK"
kapro-,he-goat,HE-GOAT
"ḱas-, ḱas-no-",gray,GREY
kau-,"to humble, discourage","TWO, MUMBLE"
kaus-,to draw lots,"TWO, LOTUS, DRAG"
ked-,to smoke,"SPOKE, TWO"
?2.*k̑ei̯-{1},fallen [UNKNOWN],FALCON
ḱē(i)- : ḱō(i)- : ḱə(i)-,"to <b>hone</b>, whet, sharpen","WHAT, TWO, SHAPE, HONEY"
ḱekʷ-,"to defecate; dung, excrement","LUNG, TWO, DEFECT, EXCITEMENT"
"7. kel-, kol-, k<sub>o</sub>l-","<b>calix</b>, <b>chalice</b>, goblet, beaker","CALF, TABLET, BAKER"
*k̑en-{1},rise,WISE
1. kenk-,"to bind, gird","GIRL, TWO, BEND"
"ḱerbero-, and kerbero-","checkered, variegated",
1. kerd-,to gird,"GIRL, TWO"
"ḱerə-, ḱrā-",to cook,"LOOK, TWO"
"ḱīō̆n-, ḱīsō̆n-?",pillar,COLLAR
klau-,to weep,"WEEK, TWO"
kleiḱ-,to press/squeeze (painfully),"PAINFUL, TWO"
"ko ko, kak(k)-, ku(r)kur-",(onomatopoeic: sound of cock/hen),"WOUND, OR"
"konəmo-, knāmo-, or k<sub>e</sub>nəmo-",shinbone,
kopso-,blackbird,BLACKBOARD
"ḱrebʰ-, ḱrō̆bʰ-, ḱrembʰ-",to entrust,TWO
"1. kreg-, and kerg-?",to torment,"FERMENT, TWO"
"2. krek-, kr̥k-","<b>roe</b>, fish/frog spawn","RYE, LAWN"
?*k̑sed-{1},'zerlegen' → 'auftischen' [UNKNOWN],I
k<sub>e</sub>nəkó-,"golden, <b>honey</b>-colored",GOLD
ḱþei-,to settle,"NETTLE, TWO"
"kþē(i)-, kþə(i)-","to gain, acquire, possess","ACQUIT, AGAIN, TWO"
ku̯ak-,"(onomatopoeic: to <b>quack</b>, croak)","CLOAK, TWO, BACK"
"ḱu̯ek-, nasalized ḱu̯enk- : ḱuk-",to gape,"TWO, GAME"
ḱu̯el-,muddy,MIDDAY
2. ku̯elp-,"to curve, vault","TWO, CARVE, FAULT"
ḱu̯en-,to celebrate; saint,"SHIN, TWO"
"ḱu̯endʰ-ro-, -no-",(type of plant),"OR, PLAN, TULE"
2. kʷe-,(indefinite/interrogative pronoun),
kʷene,"(particle: uncertainty, generalization)",
?*k(ʷ)h₂eg̑-{1},consume,CONJURE
"kʷo-, kʷe-, fem. kʷā, kʷei-",(indefinite/interrogative pronoun),
lai-,"fat, lard","YARD, RAT"
"1. leig-, and leik-, better oleig-, oleik-","needy, miserable",READY
1. leik-,to offer for sale,"MALE, OFFEND, TWO, FAR"
1. leit-,"to <b>loathe</b>, detest, abhor; violate","DETECT, OATH, VILLAGE, ANCHOR, TWO"
1. lēk- : lək-,tendril; trap,STRAP
leuǵ-,to break,"TWO, BEAK"
1. leugʰ-,"to <b>lie</b>, <b>belie</b>, prevaricate","LIKE, TWO, BELCH"
2. mā-,"timely, opportune",TIME
"2. mai-, moi-?","to smudge, stain","STRAIN, TWO, SLEDGE"
mā̆k(en)-,poppy,PUPPY
makʰ-o-s,"bold, wild, frisky, unbridled","WIND, COLD, FRIDAY"
"maḱo-, or moḱ-o-","fly, gnat","FRY, GOAT"
mand-,pen/hurdle of plaited rods/twigs,"OR, PLATE"
mē̆gʰ-,"friendly, well-disposed",FRIEND
meiǵʰ-,"to <b>micturate</b>, urinate","TWO, URINE"
mei-gʷ-,to (ex)change,"TWO, EXCHANGE"
1. meit(ʰ)-,place to stay,"STAR, TWO, PLATE"
2. mei-t(ʰ)-,"to <b>commute</b>, (ex)change","TWO, EXCHANGE, COMPUTER"
mek-,(onomatopoeic: to bleat),"BEAT, TWO"
membʰ-,to reproach,"APPROACH, TWO"
mendʰ-,to direct attention to; vivacious,"DETECT, ATTENTIVE, TWO"
2. mer-,"to flicker, shimmer","SUMMER, TWO"
"2. merk-, mork-","vexed, sullen","WEED, BULLET"
?*mi̯ek̑s-{1},to settle (at/on/in),"NETTLE, TWO"
"mormor-, murmur-",to <b>murmur</b> (dully),"TWO, DULL, MURDER"
mormo(ro)-,"fear, dread, horror","WEAR, TREAD, BORROW"
moro-,"<b>murrey</b>, <b>mulberry</b>, blackberry",TURKEY
mut-o-s,"trimmed, stunted, circumcised, <b>mutilated</b>",SLANTED
"n̥dʰos, n̥dʰeri",<b>under</b>,UDDER
1. nebʰ-,to burst,"MUST, TWO"
"1. nei-, neiə- : nī-",to lead,"LOAD, TWO"
2. ner-,"below, under","BELCH, UDDER"
"nōt-, nət-","rump, <b>nates</b>, backside","RUM, FATE"
2. ō,<b>O</b> (vocative particle),GO
"ō̆d(e)go-, or ō̆d(e)gʷo-","stem, stalk","STEP, TALK"
oi-,(pronoun stem),STEP
oiu̯ā,(vocative particle),
ok-,to consider,TWO
ōḱú-s,quick(ly),QUICKLY
ongʷ-,to <b>anoint</b>,"AMOUNT, TWO"
"oreu̯-, <sub>e</sub>reu-",entrails,
pā̆n-,"<b>pane</b>, <b>panel</b>, woven fabric","OVEN, PINE, PINE"
parīkā,concubine,
"1. peig-, and peik-","colored, speckled",COOKED
"2. peis-, speis-","to blow, <b>fizz</b>","FIR, TWO, FLOW"
pekʷ-,to cook,"LOOK, TWO"
"pelpo-, or polpo-",woodwork,
2.*per-,"equalize, balance",
"2. perḱ-, preḱ-","spotted, speckled",POTTER
"4. perḱ-, preḱ-, pr̥ḱ-","to request, ask/<b>pray</b> for","TWO, FAR"
1. pē̆s-,to blow,"TWO, FLOW"
plab-,"to babble, prattle, etc.","BUBBLE, TWO, PET, RATTLE"
"plouto-, pluto-",(wooden object),WOOD
porḱo-s,"<b>porker</b>, pig(let)","PIGLET, WORKER"
prōḱto- : prəḱto-,"rump, backside",RUM
"1. pū̆k-, peuk-",thick-haired,
5. rei-,to support,TWO
reibʰ-,(onomatopoeic: to resound?),"ROUND, TWO"
rei-r(ēi)-,"(onomatopoeic: to quake, tremble)","SHAKE, TEMPLE, TWO"
"2. rei-, roi-","spotted, speckled, brightly variegated","BRIGHT, POTTER"
"reḱ-, reǵ-",to bind,"TWO, BEND"
rep-,"to grab, rip out, <b>ravish</b>","OAT, LAVISH, CRAB, HIP, TWO"
4. reu-,to search,"TWO, MARCH"
reugʰ-m(e)n-,"<b>ream</b>, cream?","DREAM, RAM"
"3. reu-, reu-s-",to hasten,"TWO, FASTEN"
r̥ksā,fetlock; tether,TEACHER
sāg-,"to <b>seek</b>, track, trail","TAIL, TRUCK, WEEK, TWO"
sā̆lo-,wavy,WAVE
2.*seg/g̑-{1},salves,SILVER
1. sē(i)-,to sift,"SIT, TWO"
"sē̆ik-, sī̆k-","to grip, reach for","GREY, PREACH, TWO, FAR"
1. sel-,"<b>salon</b>, dwelling place","SWELLING, SALMON, PLATE"
"6. sel-, selə- : slā-","lucky, favorable; luck","LICK, LICK"
sendʰro-,"clotted, coagulated; fluid, melted, etc.","PET, MELT, FLAIL, CLOTHES"
si̯ē[u]-ro- : si̯ə-ur(i̯o)-,brother-in-law,BROTHER-IN-LAW
"skabʰ-, skambʰ-",to support,TWO
(s)ḱem-,"deformed, disabled, mutilated; hornless",
?*sk̑end-{1},(to) appear,"SPEAR, TWO"
sḱer-(d-),"to defecate; dung, excrement","LUNG, TWO, DEFECT, EXCITEMENT"
?*sk̑erd-{1},to eject,"DETECT, TWO"
1. skeud-,"to grumble, protest; unwilling","MUMBLE, TWO, PROTECT"
sler-,chasm,CHAIR
(s)leu-,"slack, feeble, loosely hanging","BLACK, LOVELY, HAILING, BEETLE"
"(s)lī- : sləi-, or slōi-, slī-u̯o-","<b>livid</b>, bluish","BRUISE, LIVER"
2. smel-,gray,GREY
"smerd-, smord-",to stink,"TWO, STICK"
"sme, smā̆","really, truly (emphatic particle)","TULE, READY"
"(s)meukʰ-, (s)meug-, (s)meugʰ-",to <b>smoke</b>; <b>smoke</b>,"SPOKE, TWO"
snusós,daughter-in-law,DAUGHTER-IN-LAW
spend-,to offer a libation,"AT, OFFEND, TWO"
"2. *(s)pen-, (s)pon-, (s)pondʰo-",wooden pail,"TAIL, WOOD"
"sp(ʰ)erd(ʰ)-, (s)p(ʰ)red(ʰ)-, nasalized sp(ʰ)rend(ʰ)-","to rush, <b>sprint</b>, spring; running","CRUSH, SPLIT, STRING, CUNNING, TWO"
sp(ʰ)reig-,"to teem, abound, overflow","SEEM, TWO, WOUND"
srakʷ-to-,sharp-edged,
6. ster-,"barren, <b>sterile</b>, unfruitful","BARREL, STRIKE"
"storos, stornos, str̥nos?","<b>starling</b>, songbird",STRING
1. streig-,"to halt, pause, falter, be(come) stuck","SALT, MASTER, BECOME, CAUSE, TWO, SUCK"
2. su̯eid-,"to <b>sweat</b>, perspire; <b>sweat</b>","SWEAR, TWO"
"su̯e-lo-, su̯elii̯o(n)-",brother-in-law,BROTHER-IN-LAW
su̯en-,"to <b>sound</b>, <b>resound</b>","WOUND, ROUND, TWO"
3. su̯er-,stake,SHAKE
su̯omb(ʰ)o-s,"porous, spongy, <b>swampy</b>","STINGY, PROUD, SWAMP"
tād-,to act purposefully,"TWO, AT"
*tem-{1},reach,PREACH
1. ter-,"to quiver, tremble","TEMPLE, TWO, QUIET"
"terp-, trep-","to enjoy, satisfy oneself","TWO, JOY"
tet(e)r-,(onomatopoeic: to quack),"TWO, BACK"
"teu̯ə-, tu̯ā-",to sift,"SIT, TWO"
2. to-,(prefix),
top-,"to reach, stay; place","STAR, PREACH, TWO, PLATE"
"tres-, ters-, *teres-","to quiver, tremble","TEMPLE, TWO, QUIET"
trē̆u-,to prosper,TWO
trozdos- : tr̥zdos-,"<b>thrush</b>, blackbird","BLACKBOARD, THRUST"
1. u-,"(onomatopoeic: owl's hoot, etc.)","OWL, BOOT, PET"
u̯adʰ-,pledge,SLEDGE
1. u̯ap-,to chatter,"TWO, CHAPTER"
ū̆d-,"<b>out</b>, away, up(wards)","OAT, SWAY"
u̯ed-,to lead,"LOAD, TWO"
"2. u̯edʰ-, before nasals u̯ed-",to lead,"LOAD, TWO"
?*u̯eHg̑ʰ-{1},"acknowledge, respect","REPEAT, KNOWLEDGE"
?3.*u̯ei̯s-{1},"execute, accomplish",
"2. u̯ei-, u̯ei̯ə- : u̯ī̆-","to <b>wizen</b>, wither","WISE, TWO, MOTHER"
u̯ək- : *u̯āk-,bent,BEND
u̯e-n-g-,bent,BEND
u̯e-n-gʰ-,bent,BEND
?*u̯enh₁-{1},"set, place, lay","LADY, PET, PLATE"
u̯e-n-k-,bent,BEND
u̯ēp- : u̯əp-,to blow; to soar,"STAR, TWO, FLOW"
?2.*u̯er-{1},run/walk,
2. u̯es-,to feast,"EAST, TWO"
u̯es-r̥,spring,STRING
"3. u̯ē-, u̯ə-",to blow,"TWO, FLOW"
"u̯ogʷʰni-s, u̯ogʷʰnes-",plowshare,
u̯ōro-,"madness; dizziness, <b>weariness</b>",SADNESS
"u̯rēǵ-, u̯rōǵ-, u̯rəǵ-",to break,"TWO, BEAK"
?*u̯Rei̯H-{1},compress,COMPASS
"u̯reik-, u̯ereik-",heather,LEATHER
"u̯retʰ- : u̯rotʰ-, or u̯ratʰ-",to support,TWO
