,id,text,number,abbr,semantic_category_id,created_at,updated_at,created_by,updated_by
0,1099,World,1.1,PW_WO,23,2015-04-16 07:58:53,2015-04-16 07:58:53,loader,loader
1,1100,"Earth, Land",1.21,PW_EL,23,2015-04-16 07:58:53,2015-04-16 07:58:53,loader,loader
2,1101,"Ground, Soil",1.212,PW_GS,23,2015-04-16 07:58:53,2015-04-16 07:58:53,loader,loader
3,1102,"Dust, Powder",1.213,PW_DU,23,2015-04-16 07:58:53,2015-04-16 07:58:53,loader,loader
4,1103,"Mud, Mire",1.214,PW_MU,23,2015-04-16 07:58:53,2015-04-16 07:58:53,loader,loader
5,1104,"Sand, Grit",1.215,PW_SA,23,2015-04-16 07:58:53,2015-04-16 07:58:53,loader,loader
6,1105,"Hill, Mountain",1.22,PW_MH,23,2015-04-16 07:58:53,2015-04-16 07:58:53,loader,loader
7,1106,"Plain, Field",1.23,PW_PF,23,2015-04-16 07:58:53,2015-04-16 07:58:53,loader,loader
8,1107,"Dale, Valley",1.24,PW_VA,23,2015-04-16 07:58:53,2015-04-16 07:58:53,loader,loader
9,1108,"Isle, Island",1.25,PW_IS,23,2015-04-16 07:58:53,2015-04-16 07:58:53,loader,loader
10,1109,"Mainland, Continent",1.26,PW_ML,23,2015-04-16 07:58:53,2015-04-16 07:58:53,loader,loader
11,1110,"Shore, Beach",1.27,PW_SH,23,2015-04-16 07:58:53,2015-04-16 07:58:53,loader,loader
12,1111,Water,1.31,PW_WA,23,2015-04-16 07:58:53,2015-04-16 07:58:53,loader,loader
13,1112,Sea,1.32,PW_SE,23,2015-04-16 07:58:53,2015-04-16 07:58:53,loader,loader
14,1113,"Lake, Pond",1.33,PW_LA,23,2015-04-16 07:58:53,2015-04-16 07:58:53,loader,loader
15,1114,"Gulf, Bay",1.34,PW_GB,23,2015-04-16 07:58:53,2015-04-16 07:58:53,loader,loader
16,1115,"Wave, Surge",1.35,PW_WV,23,2015-04-16 07:58:53,2015-04-16 07:58:53,loader,loader
17,1116,"Brook, Stream, River",1.36,PW_RS,23,2015-04-16 07:58:53,2015-04-16 07:58:53,loader,loader
18,1117,"Spring, Well",1.37,PW_SW,23,2015-04-16 07:58:53,2015-04-16 07:58:53,loader,loader
19,1118,"Woods, Forest",1.41,PW_WF,23,2015-04-16 07:58:53,2015-04-16 07:58:53,loader,loader
20,1119,"Tree, Oak",1.42,PW_TR,23,2015-04-16 07:58:53,2015-04-16 07:58:53,loader,loader
21,1120,"Wood, Timber",1.43,PW_WD,23,2015-04-16 07:58:53,2015-04-16 07:58:53,loader,loader
22,1121,"Rock, Stone",1.44,PW_SR,23,2015-04-16 07:58:53,2015-04-16 07:58:53,loader,loader
23,1122,"Sky, Heavens",1.51,PW_SK,23,2015-04-16 07:58:53,2015-04-16 07:58:53,loader,loader
24,1123,Sun,1.52,PW_SU,23,2015-04-16 07:58:53,2015-04-16 07:58:53,loader,loader
25,1124,Moon,1.53,PW_MO,23,2015-04-16 07:58:53,2015-04-16 07:58:53,loader,loader
26,1125,Star,1.54,PW_ST,23,2015-04-16 07:58:53,2015-04-16 07:58:53,loader,loader
27,1126,"Flash, Lightning",1.55,PW_LI,23,2015-04-16 07:58:53,2015-04-16 07:58:53,loader,loader
28,1127,"Noise, Thunder",1.56,PW_TH,23,2015-04-16 07:58:53,2015-04-16 07:58:53,loader,loader
29,1128,"Thunderbolt, Lightning Strike",1.57,PW_LT,23,2015-04-16 07:58:53,2015-04-16 07:58:53,loader,loader
30,1129,Light,1.61,PW_LG,23,2015-04-16 07:58:53,2015-04-16 07:58:53,loader,loader
31,1130,Darkness,1.62,PW_DA,23,2015-04-16 07:58:53,2015-04-16 07:58:53,loader,loader
32,1131,"Shade, Shadow",1.63,PW_SD,23,2015-04-16 07:58:53,2015-04-16 07:58:53,loader,loader
33,1132,"Air, Ether",1.71,PW_AI,23,2015-04-16 07:58:53,2015-04-16 07:58:53,loader,loader
34,1133,"Wind, Breeze",1.72,PW_WI,23,2015-04-16 07:58:53,2015-04-16 07:58:53,loader,loader
35,1134,"Cloud, Mirk",1.73,PW_CL,23,2015-04-16 07:58:53,2015-04-16 07:58:53,loader,loader
36,1135,"Mist, Fog, Haze",1.74,PW_MI,23,2015-04-16 07:58:53,2015-04-16 07:58:53,loader,loader
37,1136,Rain (n),1.75,PW_RA,23,2015-04-16 07:58:53,2015-04-16 07:58:53,loader,loader
38,1137,Snow (n),1.76,PW_SN,23,2015-04-16 07:58:53,2015-04-16 07:58:53,loader,loader
39,1138,"Ice, Frost",1.77,PW_IC,23,2015-04-16 07:58:53,2015-04-16 07:58:53,loader,loader
40,1139,Weather,1.78,PW_WE,23,2015-04-16 07:58:53,2015-04-16 07:58:53,loader,loader
41,1140,Fire (n),1.81,PW_FI,23,2015-04-16 07:58:53,2015-04-16 07:58:53,loader,loader
42,1141,Flame (n),1.82,PW_FL,23,2015-04-16 07:58:53,2015-04-16 07:58:53,loader,loader
43,1142,Smoke (n),1.83,PW_SM,23,2015-04-16 07:58:53,2015-04-16 07:58:53,loader,loader
44,1143,Ash(es),1.84,PW_AS,23,2015-04-16 07:58:53,2015-04-16 07:58:53,loader,loader
45,1144,"to Burn, Scorch",1.85,PW_BU,23,2015-04-16 07:58:53,2015-04-16 07:58:53,loader,loader
46,1145,"to Light, Kindle",1.86,PW_LK,23,2015-04-16 07:58:53,2015-04-16 07:58:53,loader,loader
47,1146,"Match, Fire Stick",1.87,PW_MT,23,2015-04-16 07:58:53,2015-04-16 07:58:53,loader,loader
48,1147,Human Being,2.1,MK_HB,24,2015-04-16 07:58:53,2015-04-16 07:58:53,loader,loader
49,1148,Man,2.21,MK_MA,24,2015-04-16 07:58:53,2015-04-16 07:58:53,loader,loader
50,1149,Woman,2.22,MK_WO,24,2015-04-16 07:58:53,2015-04-16 07:58:53,loader,loader
51,1150,Male,2.23,MK_MS,24,2015-04-16 07:58:53,2015-04-16 07:58:53,loader,loader
52,1151,Female,2.24,MK_FS,24,2015-04-16 07:58:53,2015-04-16 07:58:53,loader,loader
53,1152,Sex,2.242,MK_SX,24,2015-04-16 07:58:53,2015-04-16 07:58:53,loader,loader
54,1153,Boy,2.25,MK_BO,24,2015-04-16 07:58:53,2015-04-16 07:58:53,loader,loader
55,1154,Girl,2.26,MK_GI,24,2015-04-16 07:58:53,2015-04-16 07:58:53,loader,loader
56,1155,Child,2.27,MK_CH,24,2015-04-16 07:58:53,2015-04-16 07:58:53,loader,loader
57,1156,Infant,2.28,MK_IN,24,2015-04-16 07:58:53,2015-04-16 07:58:53,loader,loader
58,1157,Husband,2.31,MK_HU,24,2015-04-16 07:58:53,2015-04-16 07:58:53,loader,loader
59,1158,Wife,2.32,MK_WI,24,2015-04-16 07:58:53,2015-04-16 07:58:53,loader,loader
60,1159,"to Wed, Marry",2.33,MK_MR,24,2015-04-16 07:58:53,2015-04-16 07:58:53,loader,loader
61,1160,"Wedding, Marriage",2.34,MK_MW,24,2015-04-16 07:58:53,2015-04-16 07:58:53,loader,loader
62,1161,Father,2.35,MK_FA,24,2015-04-16 07:58:53,2015-04-16 07:58:53,loader,loader
63,1162,Mother,2.36,MK_MO,24,2015-04-16 07:58:53,2015-04-16 07:58:53,loader,loader
64,1163,Parent(s),2.37,MK_PA,24,2015-04-16 07:58:53,2015-04-16 07:58:53,loader,loader
65,1164,Son,2.41,MK_SO,24,2015-04-16 07:58:53,2015-04-16 07:58:53,loader,loader
66,1165,Daughter,2.42,MK_DA,24,2015-04-16 07:58:53,2015-04-16 07:58:53,loader,loader
67,1166,Son or Daughter,2.43,MK_SD,24,2015-04-16 07:58:53,2015-04-16 07:58:53,loader,loader
68,1167,Brother,2.44,MK_BR,24,2015-04-16 07:58:53,2015-04-16 07:58:53,loader,loader
69,1168,Sister,2.45,MK_SI,24,2015-04-16 07:58:53,2015-04-16 07:58:53,loader,loader
70,1169,Sibling(s),2.452,MK_BS,24,2015-04-16 07:58:53,2015-04-16 07:58:53,loader,loader
71,1170,Grandfather,2.46,MK_GF,24,2015-04-16 07:58:53,2015-04-16 07:58:53,loader,loader
72,1171,Grandmother,2.47,MK_GM,24,2015-04-16 07:58:53,2015-04-16 07:58:53,loader,loader
73,1172,Grandson,2.48,MK_GS,24,2015-04-16 07:58:53,2015-04-16 07:58:53,loader,loader
74,1173,Granddaughter,2.49,MK_GD,24,2015-04-16 07:58:53,2015-04-16 07:58:53,loader,loader
75,1174,Uncle,2.51,MK_UN,24,2015-04-16 07:58:53,2015-04-16 07:58:53,loader,loader
76,1175,Aunt,2.52,MK_AU,24,2015-04-16 07:58:53,2015-04-16 07:58:53,loader,loader
77,1176,Nephew,2.53,MK_NE,24,2015-04-16 07:58:53,2015-04-16 07:58:53,loader,loader
78,1177,Niece,2.54,MK_NI,24,2015-04-16 07:58:54,2015-04-16 07:58:54,loader,loader
79,1178,Cousin,2.55,MK_CO,24,2015-04-16 07:58:54,2015-04-16 07:58:54,loader,loader
80,1179,Ancestor(s),2.56,MK_AN,24,2015-04-16 07:58:54,2015-04-16 07:58:54,loader,loader
81,1180,Descendant(s),2.57,MK_DE,24,2015-04-16 07:58:54,2015-04-16 07:58:54,loader,loader
82,1181,Father-in-Law,2.61,MK_FL,24,2015-04-16 07:58:54,2015-04-16 07:58:54,loader,loader
83,1182,Mother-in-Law,2.62,MK_ML,24,2015-04-16 07:58:54,2015-04-16 07:58:54,loader,loader
84,1183,Son-in-Law,2.63,MK_SL,24,2015-04-16 07:58:54,2015-04-16 07:58:54,loader,loader
85,1184,Daughter-in-Law,2.64,MK_DL,24,2015-04-16 07:58:54,2015-04-16 07:58:54,loader,loader
86,1185,Brother-in-Law,2.65,MK_BL,24,2015-04-16 07:58:54,2015-04-16 07:58:54,loader,loader
87,1186,Sister-in-Law,2.66,MK_SW,24,2015-04-16 07:58:54,2015-04-16 07:58:54,loader,loader
88,1187,Stepfather,2.71,MK_SF,24,2015-04-16 07:58:54,2015-04-16 07:58:54,loader,loader
89,1188,Stepmother,2.72,MK_SM,24,2015-04-16 07:58:54,2015-04-16 07:58:54,loader,loader
90,1189,Stepson,2.73,MK_SS,24,2015-04-16 07:58:54,2015-04-16 07:58:54,loader,loader
91,1190,Stepdaughter,2.74,MK_SR,24,2015-04-16 07:58:54,2015-04-16 07:58:54,loader,loader
92,1191,Orphan,2.75,MK_OR,24,2015-04-16 07:58:54,2015-04-16 07:58:54,loader,loader
93,1192,Widow,2.76,MK_WD,24,2015-04-16 07:58:54,2015-04-16 07:58:54,loader,loader
94,1193,Relative(s),2.81,MK_RE,24,2015-04-16 07:58:54,2015-04-16 07:58:54,loader,loader
95,1194,Family,2.82,MK_FM,24,2015-04-16 07:58:54,2015-04-16 07:58:54,loader,loader
96,1195,Animal,3.11,AN_AN,25,2015-04-16 07:58:54,2015-04-16 07:58:54,loader,loader
97,1196,Male Animal,3.12,AN_MA,25,2015-04-16 07:58:54,2015-04-16 07:58:54,loader,loader
98,1197,Female Animal,3.13,AN_FE,25,2015-04-16 07:58:54,2015-04-16 07:58:54,loader,loader
99,1198,to Castrate,3.14,AN_CA,25,2015-04-16 07:58:54,2015-04-16 07:58:54,loader,loader
100,1199,Livestock,3.15,AN_LI,25,2015-04-16 07:58:54,2015-04-16 07:58:54,loader,loader
101,1200,to Pasture,3.16,AN_PV,25,2015-04-16 07:58:54,2015-04-16 07:58:54,loader,loader
102,1201,Pasture,3.17,AN_PS,25,2015-04-16 07:58:54,2015-04-16 07:58:54,loader,loader
103,1202,Herdsman,3.18,AN_HE,25,2015-04-16 07:58:54,2015-04-16 07:58:54,loader,loader
104,1203,"Stall, Stable",3.19,AN_ST,25,2015-04-16 07:58:54,2015-04-16 07:58:54,loader,loader
105,1204,"Cattle, Bovines",3.20,AN_CB,25,2015-04-16 07:58:54,2015-04-16 07:58:54,loader,loader
106,1205,Bull,3.21,AN_BU,25,2015-04-16 07:58:54,2015-04-16 07:58:54,loader,loader
107,1206,"Ox, Steer",3.22,AN_OX,25,2015-04-16 07:58:54,2015-04-16 07:58:54,loader,loader
108,1207,Cow,3.23,AN_CO,25,2015-04-16 07:58:54,2015-04-16 07:58:54,loader,loader
109,1208,Calf,3.24,AN_CF,25,2015-04-16 07:58:54,2015-04-16 07:58:54,loader,loader
110,1209,Sheep,3.25,AN_SH,25,2015-04-16 07:58:54,2015-04-16 07:58:54,loader,loader
111,1210,Ram,3.26,AN_RA,25,2015-04-16 07:58:54,2015-04-16 07:58:54,loader,loader
112,1211,Wether,3.27,AN_WE,25,2015-04-16 07:58:54,2015-04-16 07:58:54,loader,loader
113,1212,Ewe,3.28,AN_EW,25,2015-04-16 07:58:54,2015-04-16 07:58:54,loader,loader
114,1213,Lamb,3.29,AN_LA,25,2015-04-16 07:58:54,2015-04-16 07:58:54,loader,loader
115,1214,Swine,3.31,AN_SW,25,2015-04-16 07:58:54,2015-04-16 07:58:54,loader,loader
116,1215,Boar,3.32,AN_BO,25,2015-04-16 07:58:54,2015-04-16 07:58:54,loader,loader
117,1216,Barrow,3.33,AN_BA,25,2015-04-16 07:58:54,2015-04-16 07:58:54,loader,loader
118,1217,Sow,3.34,AN_SO,25,2015-04-16 07:58:54,2015-04-16 07:58:54,loader,loader
119,1218,Pig,3.35,AN_PI,25,2015-04-16 07:58:54,2015-04-16 07:58:54,loader,loader
120,1219,Goat,3.36,AN_GO,25,2015-04-16 07:58:54,2015-04-16 07:58:54,loader,loader
121,1220,He-Goat,3.37,AN_HG,25,2015-04-16 07:58:54,2015-04-16 07:58:54,loader,loader
122,1221,Kid,3.38,AN_KI,25,2015-04-16 07:58:54,2015-04-16 07:58:54,loader,loader
123,1222,Horse (generic),3.41,AN_HO,25,2015-04-16 07:58:54,2015-04-16 07:58:54,loader,loader
124,1223,Stallion,3.42,AN_SN,25,2015-04-16 07:58:54,2015-04-16 07:58:54,loader,loader
125,1224,Gelding,3.43,AN_GE,25,2015-04-16 07:58:54,2015-04-16 07:58:54,loader,loader
126,1225,Mare,3.44,AN_MR,25,2015-04-16 07:58:54,2015-04-16 07:58:54,loader,loader
127,1226,"Foal, Colt",3.45,AN_FC,25,2015-04-16 07:58:54,2015-04-16 07:58:54,loader,loader
128,1227,"Ass, Donkey",3.46,AN_AD,25,2015-04-16 07:58:54,2015-04-16 07:58:54,loader,loader
129,1228,Mule,3.47,AN_MU,25,2015-04-16 07:58:54,2015-04-16 07:58:54,loader,loader
130,1229,"Hen, Chicken (generic)",3.51,AN_HC,25,2015-04-16 07:58:54,2015-04-16 07:58:54,loader,loader
131,1230,"Cock, Rooster",3.52,AN_CK,25,2015-04-16 07:58:54,2015-04-16 07:58:54,loader,loader
132,1231,Capon,3.53,AN_CN,25,2015-04-16 07:58:54,2015-04-16 07:58:54,loader,loader
133,1232,Hen,3.54,AN_HN,25,2015-04-16 07:58:54,2015-04-16 07:58:54,loader,loader
134,1233,Chicken,3.55,AN_CH,25,2015-04-16 07:58:54,2015-04-16 07:58:54,loader,loader
135,1234,Goose,3.56,AN_GS,25,2015-04-16 07:58:54,2015-04-16 07:58:54,loader,loader
136,1235,Duck,3.57,AN_DU,25,2015-04-16 07:58:54,2015-04-16 07:58:54,loader,loader
137,1236,Dog,3.61,AN_DO,25,2015-04-16 07:58:54,2015-04-16 07:58:54,loader,loader
138,1237,Puppy,3.612,AN_PU,25,2015-04-16 07:58:54,2015-04-16 07:58:54,loader,loader
139,1238,Cat,3.62,AN_CT,25,2015-04-16 07:58:54,2015-04-16 07:58:54,loader,loader
140,1239,Mouse,3.63,AN_MO,25,2015-04-16 07:58:54,2015-04-16 07:58:54,loader,loader
141,1240,Bird,3.64,AN_BI,25,2015-04-16 07:58:54,2015-04-16 07:58:54,loader,loader
142,1241,Fish (n),3.65,AN_FI,25,2015-04-16 07:58:54,2015-04-16 07:58:54,loader,loader
143,1242,Fisherman,3.66,AN_FM,25,2015-04-16 07:58:54,2015-04-16 07:58:54,loader,loader
144,1243,Wolf,3.71,AN_WO,25,2015-04-16 07:58:54,2015-04-16 07:58:54,loader,loader
145,1244,Lion,3.72,AN_LN,25,2015-04-16 07:58:54,2015-04-16 07:58:54,loader,loader
146,1245,Bear,3.73,AN_BR,25,2015-04-16 07:58:54,2015-04-16 07:58:54,loader,loader
147,1246,Fox,3.74,AN_FX,25,2015-04-16 07:58:54,2015-04-16 07:58:54,loader,loader
148,1247,Deer,3.75,AN_DE,25,2015-04-16 07:58:54,2015-04-16 07:58:54,loader,loader
149,1248,Monkey,3.76,AN_MK,25,2015-04-16 07:58:54,2015-04-16 07:58:54,loader,loader
150,1249,Elephant,3.77,AN_EL,25,2015-04-16 07:58:54,2015-04-16 07:58:54,loader,loader
151,1250,Camel,3.78,AN_CM,25,2015-04-16 07:58:54,2015-04-16 07:58:54,loader,loader
152,1251,to Hunt,3.79,AN_HU,25,2015-04-16 07:58:54,2015-04-16 07:58:54,loader,loader
153,1252,Insect,3.81,AN_IN,25,2015-04-16 07:58:54,2015-04-16 07:58:54,loader,loader
154,1253,Bee,3.82,AN_BE,25,2015-04-16 07:58:54,2015-04-16 07:58:54,loader,loader
155,1254,Fly (n),3.83,AN_FL,25,2015-04-16 07:58:54,2015-04-16 07:58:54,loader,loader
156,1255,Worm,3.84,AN_WR,25,2015-04-16 07:58:54,2015-04-16 07:58:54,loader,loader
157,1256,Snake,3.85,AN_SK,25,2015-04-16 07:58:54,2015-04-16 07:58:54,loader,loader
158,1257,Body,4.11,BP_BO,26,2015-04-16 07:58:54,2015-04-16 07:58:54,loader,loader
159,1258,"Skin, Hide",4.12,BP_SH,26,2015-04-16 07:58:54,2015-04-16 07:58:54,loader,loader
160,1259,Flesh,4.13,BP_FL,26,2015-04-16 07:58:54,2015-04-16 07:58:54,loader,loader
161,1260,Hair,4.14,BP_HA,26,2015-04-16 07:58:54,2015-04-16 07:58:54,loader,loader
162,1261,Beard,4.142,BP_BE,26,2015-04-16 07:58:54,2015-04-16 07:58:54,loader,loader
163,1262,Blood,4.15,BP_BL,26,2015-04-16 07:58:54,2015-04-16 07:58:54,loader,loader
164,1263,Bone,4.16,BP_BN,26,2015-04-16 07:58:54,2015-04-16 07:58:54,loader,loader
165,1264,Rib,4.162,BP_RI,26,2015-04-16 07:58:54,2015-04-16 07:58:54,loader,loader
166,1265,Horn,4.17,BP_HO,26,2015-04-16 07:58:54,2015-04-16 07:58:54,loader,loader
167,1266,Tail,4.18,BP_TA,26,2015-04-16 07:58:54,2015-04-16 07:58:54,loader,loader
168,1267,Back,4.19,BP_BA,26,2015-04-16 07:58:54,2015-04-16 07:58:54,loader,loader
169,1268,Head,4.20,BP_HE,26,2015-04-16 07:58:54,2015-04-16 07:58:54,loader,loader
170,1269,Skull,4.202,BP_SK,26,2015-04-16 07:58:54,2015-04-16 07:58:54,loader,loader
171,1270,Brain,4.203,BP_BR,26,2015-04-16 07:58:54,2015-04-16 07:58:54,loader,loader
172,1271,Face,4.204,BP_FA,26,2015-04-16 07:58:54,2015-04-16 07:58:54,loader,loader
173,1272,Forehead,4.205,BP_FO,26,2015-04-16 07:58:54,2015-04-16 07:58:54,loader,loader
174,1273,Eyebrow,4.206,BP_EB,26,2015-04-16 07:58:54,2015-04-16 07:58:54,loader,loader
175,1274,Jaw,4.207,BP_JW,26,2015-04-16 07:58:54,2015-04-16 07:58:54,loader,loader
176,1275,Cheek,4.208,BP_CK,26,2015-04-16 07:58:54,2015-04-16 07:58:54,loader,loader
177,1276,Chin,4.209,BP_CN,26,2015-04-16 07:58:54,2015-04-16 07:58:54,loader,loader
178,1277,Eye,4.21,BP_EY,26,2015-04-16 07:58:54,2015-04-16 07:58:54,loader,loader
179,1278,Ear,4.22,BP_EA,26,2015-04-16 07:58:54,2015-04-16 07:58:54,loader,loader
180,1279,Nose,4.23,BP_NO,26,2015-04-16 07:58:54,2015-04-16 07:58:54,loader,loader
181,1280,Mouth,4.24,BP_MO,26,2015-04-16 07:58:54,2015-04-16 07:58:54,loader,loader
182,1281,Lip,4.25,BP_LI,26,2015-04-16 07:58:54,2015-04-16 07:58:54,loader,loader
183,1282,Tongue,4.26,BP_TG,26,2015-04-16 07:58:54,2015-04-16 07:58:54,loader,loader
184,1283,Tooth,4.27,BP_TO,26,2015-04-16 07:58:54,2015-04-16 07:58:54,loader,loader
185,1284,Neck,4.28,BP_NK,26,2015-04-16 07:58:54,2015-04-16 07:58:54,loader,loader
186,1285,Throat,4.29,BP_TR,26,2015-04-16 07:58:54,2015-04-16 07:58:54,loader,loader
187,1286,Shoulder,4.30,BP_SD,26,2015-04-16 07:58:54,2015-04-16 07:58:54,loader,loader
188,1287,Arm,4.31,BP_AR,26,2015-04-16 07:58:54,2015-04-16 07:58:54,loader,loader
189,1288,Elbow,4.32,BP_EL,26,2015-04-16 07:58:54,2015-04-16 07:58:54,loader,loader
190,1289,Hand,4.33,BP_HN,26,2015-04-16 07:58:54,2015-04-16 07:58:54,loader,loader
191,1290,Finger,4.34,BP_FI,26,2015-04-16 07:58:54,2015-04-16 07:58:54,loader,loader
192,1291,Thumb,4.342,BP_TM,26,2015-04-16 07:58:54,2015-04-16 07:58:54,loader,loader
193,1292,Leg,4.35,BP_LE,26,2015-04-16 07:58:54,2015-04-16 07:58:54,loader,loader
194,1293,Knee,4.36,BP_KN,26,2015-04-16 07:58:54,2015-04-16 07:58:54,loader,loader
195,1294,Foot,4.37,BP_FT,26,2015-04-16 07:58:54,2015-04-16 07:58:54,loader,loader
196,1295,Toe,4.38,BP_TE,26,2015-04-16 07:58:54,2015-04-16 07:58:54,loader,loader
197,1296,"Nail, Claw",4.39,BP_NA,26,2015-04-16 07:58:54,2015-04-16 07:58:54,loader,loader
198,1297,Wing,4.392,BP_WI,26,2015-04-16 07:58:54,2015-04-16 07:58:54,loader,loader
199,1298,Feather,4.393,BP_FE,26,2015-04-16 07:58:54,2015-04-16 07:58:54,loader,loader
200,1299,Front of Chest,4.40,BP_FC,26,2015-04-16 07:58:54,2015-04-16 07:58:54,loader,loader
201,1300,Breast of Woman,4.41,BP_BW,26,2015-04-16 07:58:54,2015-04-16 07:58:54,loader,loader
202,1301,Udder of Animals,4.42,BP_UA,26,2015-04-16 07:58:54,2015-04-16 07:58:54,loader,loader
203,1302,Navel,4.43,BP_NV,26,2015-04-16 07:58:54,2015-04-16 07:58:54,loader,loader
204,1303,Heart,4.44,BP_HR,26,2015-04-16 07:58:54,2015-04-16 07:58:54,loader,loader
205,1304,Liver,4.45,BP_LV,26,2015-04-16 07:58:54,2015-04-16 07:58:54,loader,loader
206,1305,"Belly, Stomach",4.46,BP_BS,26,2015-04-16 07:58:54,2015-04-16 07:58:54,loader,loader
207,1306,Womb,4.47,BP_WO,26,2015-04-16 07:58:54,2015-04-16 07:58:54,loader,loader
208,1307,Egg,4.48,BP_EG,26,2015-04-16 07:58:54,2015-04-16 07:58:54,loader,loader
209,1308,Testicle,4.49,BP_TS,26,2015-04-16 07:58:54,2015-04-16 07:58:54,loader,loader
210,1309,Penis,4.492,BP_PE,26,2015-04-16 07:58:54,2015-04-16 07:58:54,loader,loader
211,1310,to Breathe; Breath,4.51,BP_BB,26,2015-04-16 07:58:54,2015-04-16 07:58:54,loader,loader
212,1311,"to Gape, Yawn",4.52,BP_YG,26,2015-04-16 07:58:54,2015-04-16 07:58:54,loader,loader
213,1312,to Cough,4.53,BP_CO,26,2015-04-16 07:58:54,2015-04-16 07:58:54,loader,loader
214,1313,to Sneeze,4.54,BP_SN,26,2015-04-16 07:58:54,2015-04-16 07:58:54,loader,loader
215,1314,"Sweat, Perspiration",4.55,BP_SW,26,2015-04-16 07:58:54,2015-04-16 07:58:54,loader,loader
216,1315,to Spit,4.56,BP_SP,26,2015-04-16 07:58:54,2015-04-16 07:58:54,loader,loader
217,1316,to Vomit,4.57,BP_VO,26,2015-04-16 07:58:54,2015-04-16 07:58:54,loader,loader
218,1317,to Bite,4.58,BP_BI,26,2015-04-16 07:58:54,2015-04-16 07:58:54,loader,loader
219,1318,to Lick,4.59,BP_LC,26,2015-04-16 07:58:54,2015-04-16 07:58:54,loader,loader
220,1319,to Sleep; Sleep,4.61,BP_SL,26,2015-04-16 07:58:54,2015-04-16 07:58:54,loader,loader
221,1320,Dream (n),4.62,BP_DR,26,2015-04-16 07:58:54,2015-04-16 07:58:54,loader,loader
222,1321,to Wake,4.63,BP_WA,26,2015-04-16 07:58:54,2015-04-16 07:58:54,loader,loader
223,1322,"to Fart, Break Wind",4.64,BP_FB,26,2015-04-16 07:58:54,2015-04-16 07:58:54,loader,loader
224,1323,to Urinate; Urine,4.65,BP_UU,26,2015-04-16 07:58:54,2015-04-16 07:58:54,loader,loader
225,1324,"to Void Excrement; Dung, Excrement",4.66,BP_ED,26,2015-04-16 07:58:54,2015-04-16 07:58:54,loader,loader
226,1325,to have Sexual Intercourse,4.67,BP_SI,26,2015-04-16 07:58:54,2015-04-16 07:58:54,loader,loader
227,1326,to Beget (of Father),4.71,BP_BP,26,2015-04-16 07:58:54,2015-04-16 07:58:54,loader,loader
228,1327,to Bear (of Mother),4.72,BP_BM,26,2015-04-16 07:58:54,2015-04-16 07:58:54,loader,loader
229,1328,Pregnant,4.73,BP_PR,26,2015-04-16 07:58:54,2015-04-16 07:58:54,loader,loader
230,1329,to Conceive,4.732,BP_CC,26,2015-04-16 07:58:54,2015-04-16 07:58:54,loader,loader
231,1330,to Live; Living; Life,4.74,BP_LL,26,2015-04-16 07:58:54,2015-04-16 07:58:54,loader,loader
232,1331,to Die; Dead; Death,4.75,BP_DD,26,2015-04-16 07:58:54,2015-04-16 07:58:54,loader,loader
233,1332,to Kill,4.76,BP_KI,26,2015-04-16 07:58:54,2015-04-16 07:58:54,loader,loader
234,1333,"Corpse, Body",4.77,BP_CS,26,2015-04-16 07:58:54,2015-04-16 07:58:54,loader,loader
235,1334,to Bury the Dead,4.78,BP_BD,26,2015-04-16 07:58:54,2015-04-16 07:58:54,loader,loader
236,1335,"Grave, Tomb",4.79,BP_GR,26,2015-04-16 07:58:54,2015-04-16 07:58:54,loader,loader
237,1336,"Strong, Mighty, Powerful",4.81,BP_SM,26,2015-04-16 07:58:55,2015-04-16 07:58:55,loader,loader
238,1337,"Weak, Infirm",4.82,BP_WE,26,2015-04-16 07:58:55,2015-04-16 07:58:55,loader,loader
239,1338,Well; Health,4.83,BP_WH,26,2015-04-16 07:58:55,2015-04-16 07:58:55,loader,loader
240,1339,Sick; Sickness,4.84,BP_SS,26,2015-04-16 07:58:55,2015-04-16 07:58:55,loader,loader
241,1340,to Eat,5.11,FD_EA,27,2015-04-16 07:58:55,2015-04-16 07:58:55,loader,loader
242,1341,Food,5.12,FD_FD,27,2015-04-16 07:58:55,2015-04-16 07:58:55,loader,loader
243,1342,to Drink,5.13,FD_DR,27,2015-04-16 07:58:55,2015-04-16 07:58:55,loader,loader
244,1343,Hunger (n),5.14,FD_HU,27,2015-04-16 07:58:55,2015-04-16 07:58:55,loader,loader
245,1344,Thirst (n),5.15,FD_TH,27,2015-04-16 07:58:55,2015-04-16 07:58:55,loader,loader
246,1345,"to Suck, Suckle",5.16,FD_SU,27,2015-04-16 07:58:55,2015-04-16 07:58:55,loader,loader
247,1346,"to Mix, Blend",5.17,FD_MX,27,2015-04-16 07:58:55,2015-04-16 07:58:55,loader,loader
248,1347,to Cook,5.21,FD_CO,27,2015-04-16 07:58:55,2015-04-16 07:58:55,loader,loader
249,1348,to Boil (trans,5.22,FD_BO,27,2015-04-16 07:58:55,2015-04-16 07:58:55,loader,loader
250,1349,"to Roast, Fry",5.23,FD_RF,27,2015-04-16 07:58:55,2015-04-16 07:58:55,loader,loader
251,1350,to Bake,5.24,FD_BA,27,2015-04-16 07:58:55,2015-04-16 07:58:55,loader,loader
252,1351,Oven,5.25,FD_OV,27,2015-04-16 07:58:55,2015-04-16 07:58:55,loader,loader
253,1352,Pot,5.26,FD_PO,27,2015-04-16 07:58:55,2015-04-16 07:58:55,loader,loader
254,1353,Kettle,5.27,FD_KE,27,2015-04-16 07:58:55,2015-04-16 07:58:55,loader,loader
255,1354,Pan,5.28,FD_PA,27,2015-04-16 07:58:55,2015-04-16 07:58:55,loader,loader
256,1355,Dish,5.31,FD_DI,27,2015-04-16 07:58:55,2015-04-16 07:58:55,loader,loader
257,1356,Plate,5.32,FD_PL,27,2015-04-16 07:58:55,2015-04-16 07:58:55,loader,loader
258,1357,Bowl,5.33,FD_BW,27,2015-04-16 07:58:55,2015-04-16 07:58:55,loader,loader
259,1358,"Jug, Pitcher",5.34,FD_PJ,27,2015-04-16 07:58:55,2015-04-16 07:58:55,loader,loader
260,1359,Cup,5.35,FD_CU,27,2015-04-16 07:58:55,2015-04-16 07:58:55,loader,loader
261,1360,Saucer,5.36,FD_SA,27,2015-04-16 07:58:55,2015-04-16 07:58:55,loader,loader
262,1361,Spoon,5.37,FD_SP,27,2015-04-16 07:58:55,2015-04-16 07:58:55,loader,loader
263,1362,Knife,5.38,FD_KN,27,2015-04-16 07:58:55,2015-04-16 07:58:55,loader,loader
264,1363,Fork,5.39,FD_FO,27,2015-04-16 07:58:55,2015-04-16 07:58:55,loader,loader
265,1364,a Meal,5.41,FD_AM,27,2015-04-16 07:58:55,2015-04-16 07:58:55,loader,loader
266,1365,Breakfast,5.42,FD_BR,27,2015-04-16 07:58:55,2015-04-16 07:58:55,loader,loader
267,1366,Lunch,5.43,FD_LU,27,2015-04-16 07:58:55,2015-04-16 07:58:55,loader,loader
268,1367,Dinner,5.44,FD_DN,27,2015-04-16 07:58:55,2015-04-16 07:58:55,loader,loader
269,1368,Supper,5.45,FD_SR,27,2015-04-16 07:58:55,2015-04-16 07:58:55,loader,loader
270,1369,Bread,5.51,FD_BD,27,2015-04-16 07:58:55,2015-04-16 07:58:55,loader,loader
271,1370,Cake,5.52,FD_CA,27,2015-04-16 07:58:55,2015-04-16 07:58:55,loader,loader
272,1371,Dough,5.53,FD_DO,27,2015-04-16 07:58:55,2015-04-16 07:58:55,loader,loader
273,1372,to Knead,5.54,FD_KD,27,2015-04-16 07:58:55,2015-04-16 07:58:55,loader,loader
274,1373,"Meal, Flour",5.55,FD_MF,27,2015-04-16 07:58:55,2015-04-16 07:58:55,loader,loader
275,1374,to Grind,5.56,FD_GR,27,2015-04-16 07:58:55,2015-04-16 07:58:55,loader,loader
276,1375,Mill,5.57,FD_ML,27,2015-04-16 07:58:55,2015-04-16 07:58:55,loader,loader
277,1376,Meat,5.61,FD_ME,27,2015-04-16 07:58:55,2015-04-16 07:58:55,loader,loader
278,1377,Butcher (n),5.612,FD_BU,27,2015-04-16 07:58:55,2015-04-16 07:58:55,loader,loader
279,1378,Beef,5.62,FD_BE,27,2015-04-16 07:58:55,2015-04-16 07:58:55,loader,loader
280,1379,Sausage,5.63,FD_SG,27,2015-04-16 07:58:55,2015-04-16 07:58:55,loader,loader
281,1380,"Soup, Broth",5.64,FD_SB,27,2015-04-16 07:58:55,2015-04-16 07:58:55,loader,loader
282,1381,Vegetables,5.65,FD_VE,27,2015-04-16 07:58:55,2015-04-16 07:58:55,loader,loader
283,1382,Bean,5.66,FD_BN,27,2015-04-16 07:58:55,2015-04-16 07:58:55,loader,loader
284,1383,Pea,5.67,FD_PE,27,2015-04-16 07:58:55,2015-04-16 07:58:55,loader,loader
285,1384,Onion,5.68,FD_ON,27,2015-04-16 07:58:55,2015-04-16 07:58:55,loader,loader
286,1385,Cabbage,5.69,FD_CB,27,2015-04-16 07:58:55,2015-04-16 07:58:55,loader,loader
287,1386,Potato,5.70,FD_PT,27,2015-04-16 07:58:55,2015-04-16 07:58:55,loader,loader
288,1387,Fruit,5.71,FD_FR,27,2015-04-16 07:58:55,2015-04-16 07:58:55,loader,loader
289,1388,Apple,5.72,FD_AP,27,2015-04-16 07:58:55,2015-04-16 07:58:55,loader,loader
290,1389,Pear,5.73,FD_PR,27,2015-04-16 07:58:55,2015-04-16 07:58:55,loader,loader
291,1390,Peach,5.74,FD_PC,27,2015-04-16 07:58:55,2015-04-16 07:58:55,loader,loader
292,1391,Fig,5.75,FD_FI,27,2015-04-16 07:58:55,2015-04-16 07:58:55,loader,loader
293,1392,Grape,5.76,FD_GP,27,2015-04-16 07:58:55,2015-04-16 07:58:55,loader,loader
294,1393,Nut,5.77,FD_NT,27,2015-04-16 07:58:55,2015-04-16 07:58:55,loader,loader
295,1394,Olive,5.78,FD_OL,27,2015-04-16 07:58:55,2015-04-16 07:58:55,loader,loader
296,1395,Oil,5.79,FD_OI,27,2015-04-16 07:58:55,2015-04-16 07:58:55,loader,loader
297,1396,Berry,5.80,FD_BY,27,2015-04-16 07:58:55,2015-04-16 07:58:55,loader,loader
298,1397,Salt,5.81,FD_SL,27,2015-04-16 07:58:55,2015-04-16 07:58:55,loader,loader
299,1398,Pepper,5.82,FD_PP,27,2015-04-16 07:58:55,2015-04-16 07:58:55,loader,loader
300,1399,Vinegar,5.83,FD_VI,27,2015-04-16 07:58:55,2015-04-16 07:58:55,loader,loader
301,1400,Honey,5.84,FD_HO,27,2015-04-16 07:58:55,2015-04-16 07:58:55,loader,loader
302,1401,Sugar,5.85,FD_SS,27,2015-04-16 07:58:55,2015-04-16 07:58:55,loader,loader
303,1402,Milk,5.86,FD_MS,27,2015-04-16 07:58:55,2015-04-16 07:58:55,loader,loader
304,1403,to Milk,5.87,FD_MV,27,2015-04-16 07:58:55,2015-04-16 07:58:55,loader,loader
305,1404,Cheese,5.88,FD_CH,27,2015-04-16 07:58:55,2015-04-16 07:58:55,loader,loader
306,1405,Butter,5.89,FD_BT,27,2015-04-16 07:58:55,2015-04-16 07:58:55,loader,loader
307,1406,Mead,5.91,FD_MD,27,2015-04-16 07:58:55,2015-04-16 07:58:55,loader,loader
308,1407,Wine,5.92,FD_WI,27,2015-04-16 07:58:55,2015-04-16 07:58:55,loader,loader
309,1408,Beer,5.93,FD_BB,27,2015-04-16 07:58:55,2015-04-16 07:58:55,loader,loader
310,1409,"to Clothe, Dress",6.11,CA_CD,28,2015-04-16 07:58:55,2015-04-16 07:58:55,loader,loader
311,1410,"Clothes, Clothing",6.12,CA_CC,28,2015-04-16 07:58:55,2015-04-16 07:58:55,loader,loader
312,1411,"Tailor, Seamstress",6.13,CA_TA,28,2015-04-16 07:58:55,2015-04-16 07:58:55,loader,loader
313,1412,Cloth,6.21,CA_CL,28,2015-04-16 07:58:55,2015-04-16 07:58:55,loader,loader
314,1413,Wool,6.22,CA_WO,28,2015-04-16 07:58:55,2015-04-16 07:58:55,loader,loader
315,1414,"Flax, Linen",6.23,CA_FL,28,2015-04-16 07:58:55,2015-04-16 07:58:55,loader,loader
316,1415,Cotton,6.24,CA_CO,28,2015-04-16 07:58:55,2015-04-16 07:58:55,loader,loader
317,1416,Silk,6.25,CA_SI,28,2015-04-16 07:58:55,2015-04-16 07:58:55,loader,loader
318,1417,Lace,6.26,CA_LA,28,2015-04-16 07:58:55,2015-04-16 07:58:55,loader,loader
319,1418,Felt,6.27,CA_FE,28,2015-04-16 07:58:55,2015-04-16 07:58:55,loader,loader
320,1419,Fur,6.28,CA_FU,28,2015-04-16 07:58:55,2015-04-16 07:58:55,loader,loader
321,1420,Leather,6.29,CA_LE,28,2015-04-16 07:58:55,2015-04-16 07:58:55,loader,loader
322,1421,to Spin,6.31,CA_SN,28,2015-04-16 07:58:55,2015-04-16 07:58:55,loader,loader
323,1422,Spindle,6.32,CA_SP,28,2015-04-16 07:58:55,2015-04-16 07:58:55,loader,loader
324,1423,to Weave,6.33,CA_WE,28,2015-04-16 07:58:55,2015-04-16 07:58:55,loader,loader
325,1424,Loom,6.34,CA_LO,28,2015-04-16 07:58:55,2015-04-16 07:58:55,loader,loader
326,1425,to Sew,6.35,CA_SE,28,2015-04-16 07:58:55,2015-04-16 07:58:55,loader,loader
327,1426,Needle,6.36,CA_NE,28,2015-04-16 07:58:55,2015-04-16 07:58:55,loader,loader
328,1427,Awl,6.37,CA_AW,28,2015-04-16 07:58:55,2015-04-16 07:58:55,loader,loader
329,1428,Thread,6.38,CA_TH,28,2015-04-16 07:58:55,2015-04-16 07:58:55,loader,loader
330,1429,to Dye,6.39,CA_DY,28,2015-04-16 07:58:55,2015-04-16 07:58:55,loader,loader
331,1430,Cloak,6.41,CA_CK,28,2015-04-16 07:58:55,2015-04-16 07:58:55,loader,loader
332,1431,Overcoat,6.412,CA_OV,28,2015-04-16 07:58:55,2015-04-16 07:58:55,loader,loader
333,1432,Woman's Dress,6.42,CA_WD,28,2015-04-16 07:58:55,2015-04-16 07:58:55,loader,loader
334,1433,Coat,6.43,CA_CT,28,2015-04-16 07:58:55,2015-04-16 07:58:55,loader,loader
335,1434,Shirt,6.44,CA_SH,28,2015-04-16 07:58:55,2015-04-16 07:58:55,loader,loader
336,1435,Collar,6.45,CA_CR,28,2015-04-16 07:58:55,2015-04-16 07:58:55,loader,loader
337,1436,Skirt,6.46,CA_SK,28,2015-04-16 07:58:55,2015-04-16 07:58:55,loader,loader
338,1437,Apron,6.47,CA_AP,28,2015-04-16 07:58:55,2015-04-16 07:58:55,loader,loader
339,1438,Trousers,6.48,CA_TR,28,2015-04-16 07:58:55,2015-04-16 07:58:55,loader,loader
340,1439,"Sock, Stocking",6.49,CA_SS,28,2015-04-16 07:58:55,2015-04-16 07:58:55,loader,loader
341,1440,Shoe,6.51,CA_SO,28,2015-04-16 07:58:55,2015-04-16 07:58:55,loader,loader
342,1441,Boot,6.52,CA_BO,28,2015-04-16 07:58:55,2015-04-16 07:58:55,loader,loader
343,1442,Slipper,6.53,CA_SL,28,2015-04-16 07:58:55,2015-04-16 07:58:55,loader,loader
344,1443,"Cobbler, Shoemaker",6.54,CA_SC,28,2015-04-16 07:58:55,2015-04-16 07:58:55,loader,loader
345,1444,"Hat, Cap",6.55,CA_HC,28,2015-04-16 07:58:55,2015-04-16 07:58:55,loader,loader
346,1445,"Belt, Girdle",6.57,CA_BG,28,2015-04-16 07:58:55,2015-04-16 07:58:55,loader,loader
347,1446,Glove,6.58,CA_GL,28,2015-04-16 07:58:55,2015-04-16 07:58:55,loader,loader
348,1447,Veil,6.59,CA_VE,28,2015-04-16 07:58:55,2015-04-16 07:58:55,loader,loader
349,1448,Pocket,6.61,CA_PO,28,2015-04-16 07:58:55,2015-04-16 07:58:55,loader,loader
350,1449,Button,6.62,CA_BU,28,2015-04-16 07:58:55,2015-04-16 07:58:55,loader,loader
351,1450,"Pin, Brooch",6.63,CA_PI,28,2015-04-16 07:58:55,2015-04-16 07:58:55,loader,loader
352,1451,Adornment (personal),6.71,CA_AD,28,2015-04-16 07:58:55,2015-04-16 07:58:55,loader,loader
353,1452,"Gem, Jewel",6.72,CA_JW,28,2015-04-16 07:58:55,2015-04-16 07:58:55,loader,loader
354,1453,Finger Ring,6.73,CA_FR,28,2015-04-16 07:58:55,2015-04-16 07:58:55,loader,loader
355,1454,"Armband, Bracelet",6.74,CA_BR,28,2015-04-16 07:58:55,2015-04-16 07:58:55,loader,loader
356,1455,Necklace,6.75,CA_NC,28,2015-04-16 07:58:56,2015-04-16 07:58:56,loader,loader
357,1456,Handkerchief,6.81,CA_HF,28,2015-04-16 07:58:56,2015-04-16 07:58:56,loader,loader
358,1457,Towel,6.82,CA_TW,28,2015-04-16 07:58:56,2015-04-16 07:58:56,loader,loader
359,1458,Napkin,6.83,CA_NA,28,2015-04-16 07:58:56,2015-04-16 07:58:56,loader,loader
360,1459,Comb,6.91,CA_CB,28,2015-04-16 07:58:56,2015-04-16 07:58:56,loader,loader
361,1460,Brush,6.92,CA_BH,28,2015-04-16 07:58:56,2015-04-16 07:58:56,loader,loader
362,1461,Razor,6.93,CA_RA,28,2015-04-16 07:58:56,2015-04-16 07:58:56,loader,loader
363,1462,Ointment,6.94,CA_OI,28,2015-04-16 07:58:56,2015-04-16 07:58:56,loader,loader
364,1463,Soap,6.95,CA_SA,28,2015-04-16 07:58:56,2015-04-16 07:58:56,loader,loader
365,1464,Mirror,6.96,CA_MR,28,2015-04-16 07:58:56,2015-04-16 07:58:56,loader,loader
366,1465,"to Live, Dwell",7.11,DF_DW,29,2015-04-16 07:58:56,2015-04-16 07:58:56,loader,loader
367,1466,House,7.12,DF_HS,29,2015-04-16 07:58:56,2015-04-16 07:58:56,loader,loader
368,1467,Home,7.122,DF_HO,29,2015-04-16 07:58:56,2015-04-16 07:58:56,loader,loader
369,1468,Hut,7.13,DF_HU,29,2015-04-16 07:58:56,2015-04-16 07:58:56,loader,loader
370,1469,Tent,7.14,DF_TE,29,2015-04-16 07:58:56,2015-04-16 07:58:56,loader,loader
371,1470,"Yard, Court",7.15,DF_YR,29,2015-04-16 07:58:56,2015-04-16 07:58:56,loader,loader
372,1471,Room,7.21,DF_RO,29,2015-04-16 07:58:56,2015-04-16 07:58:56,loader,loader
373,1472,"Door, Gate",7.22,DF_DG,29,2015-04-16 07:58:56,2015-04-16 07:58:56,loader,loader
374,1473,Lock (n),7.23,DF_LO,29,2015-04-16 07:58:56,2015-04-16 07:58:56,loader,loader
375,1474,Key,7.24,DF_KY,29,2015-04-16 07:58:56,2015-04-16 07:58:56,loader,loader
376,1475,Window,7.25,DF_WN,29,2015-04-16 07:58:56,2015-04-16 07:58:56,loader,loader
377,1476,Floor,7.26,DF_FL,29,2015-04-16 07:58:56,2015-04-16 07:58:56,loader,loader
378,1477,Wall,7.27,DF_WL,29,2015-04-16 07:58:56,2015-04-16 07:58:56,loader,loader
379,1478,Roof,7.28,DF_RF,29,2015-04-16 07:58:56,2015-04-16 07:58:56,loader,loader
380,1479,"Hearth, Fireplace",7.31,DF_FP,29,2015-04-16 07:58:56,2015-04-16 07:58:56,loader,loader
381,1480,Stove,7.32,DF_ST,29,2015-04-16 07:58:56,2015-04-16 07:58:56,loader,loader
382,1481,Chimney,7.33,DF_CH,29,2015-04-16 07:58:56,2015-04-16 07:58:56,loader,loader
383,1482,Furniture,7.41,DF_FR,29,2015-04-16 07:58:56,2015-04-16 07:58:56,loader,loader
384,1483,Bed,7.42,DF_BD,29,2015-04-16 07:58:56,2015-04-16 07:58:56,loader,loader
385,1484,Chair,7.43,DF_CR,29,2015-04-16 07:58:56,2015-04-16 07:58:56,loader,loader
386,1485,Table,7.44,DF_TB,29,2015-04-16 07:58:56,2015-04-16 07:58:56,loader,loader
387,1486,Lamp,7.45,DF_LP,29,2015-04-16 07:58:56,2015-04-16 07:58:56,loader,loader
388,1487,Candle,7.46,DF_CL,29,2015-04-16 07:58:56,2015-04-16 07:58:56,loader,loader
389,1488,Glass,7.74,PA_GL,29,2015-04-16 07:58:56,2015-04-16 07:58:56,loader,loader
390,1489,Farmer,8.11,AV_FA,30,2015-04-16 07:58:56,2015-04-16 07:58:56,loader,loader
391,1490,Field for Cultivation,8.12,AV_FC,30,2015-04-16 07:58:56,2015-04-16 07:58:56,loader,loader
392,1491,"Garden, Orchard",8.13,AV_GA,30,2015-04-16 07:58:56,2015-04-16 07:58:56,loader,loader
393,1492,Barn,8.14,AV_BA,30,2015-04-16 07:58:56,2015-04-16 07:58:56,loader,loader
394,1493,"to Tilt, Cultivate",8.15,AV_CT,30,2015-04-16 07:58:56,2015-04-16 07:58:56,loader,loader
395,1494,to Plow; Plow,8.21,AV_PL,30,2015-04-16 07:58:56,2015-04-16 07:58:56,loader,loader
396,1495,Furrow (n),8.212,AV_FU,30,2015-04-16 07:58:56,2015-04-16 07:58:56,loader,loader
397,1496,"to Dig, Delve",8.22,AV_DI,30,2015-04-16 07:58:56,2015-04-16 07:58:56,loader,loader
398,1497,Spade (n),8.23,AV_SP,30,2015-04-16 07:58:56,2015-04-16 07:58:56,loader,loader
399,1498,Shovel (n),8.24,AV_SH,30,2015-04-16 07:58:56,2015-04-16 07:58:56,loader,loader
400,1499,Hoe (n),8.25,AV_HO,30,2015-04-16 07:58:56,2015-04-16 07:58:56,loader,loader
401,1500,Fork (tool),8.26,AV_FO,30,2015-04-16 07:58:56,2015-04-16 07:58:56,loader,loader
402,1501,Rake (n),8.27,AV_RA,30,2015-04-16 07:58:56,2015-04-16 07:58:56,loader,loader
403,1502,Harrow (n),8.28,AV_HA,30,2015-04-16 07:58:56,2015-04-16 07:58:56,loader,loader
404,1503,to Sow; Seed,8.31,AV_SS,30,2015-04-16 07:58:56,2015-04-16 07:58:56,loader,loader
405,1504,"to Mow, Reap",8.32,AV_MR,30,2015-04-16 07:58:56,2015-04-16 07:58:56,loader,loader
406,1505,"Scythe, Sickle",8.33,AV_SI,30,2015-04-16 07:58:56,2015-04-16 07:58:56,loader,loader
407,1506,to Thresh,8.34,AV_TH,30,2015-04-16 07:58:56,2015-04-16 07:58:56,loader,loader
408,1507,Threshing-Floor,8.35,AV_TF,30,2015-04-16 07:58:56,2015-04-16 07:58:56,loader,loader
409,1508,"Crop, Harvest",8.41,AV_CH,30,2015-04-16 07:58:56,2015-04-16 07:58:56,loader,loader
410,1509,"Grain (generic, British Corn)",8.42,AV_GG,30,2015-04-16 07:58:56,2015-04-16 07:58:56,loader,loader
411,1510,Wheat,8.43,AV_WH,30,2015-04-16 07:58:56,2015-04-16 07:58:56,loader,loader
412,1511,Barley,8.44,AV_BR,30,2015-04-16 07:58:56,2015-04-16 07:58:56,loader,loader
413,1512,Rye,8.45,AV_RY,30,2015-04-16 07:58:56,2015-04-16 07:58:56,loader,loader
414,1513,Oats,8.46,AV_OA,30,2015-04-16 07:58:56,2015-04-16 07:58:56,loader,loader
415,1514,"Maize, Corn",8.47,AV_MA,30,2015-04-16 07:58:56,2015-04-16 07:58:56,loader,loader
416,1515,Rice,8.48,AV_RI,30,2015-04-16 07:58:56,2015-04-16 07:58:56,loader,loader
417,1516,Grass,8.51,AV_GR,30,2015-04-16 07:58:56,2015-04-16 07:58:56,loader,loader
418,1517,Hay,8.52,AV_HY,30,2015-04-16 07:58:56,2015-04-16 07:58:56,loader,loader
419,1518,"Plant, Herb",8.53,AV_PN,30,2015-04-16 07:58:56,2015-04-16 07:58:56,loader,loader
420,1519,Root,8.54,AV_RO,30,2015-04-16 07:58:56,2015-04-16 07:58:56,loader,loader
421,1520,Branch,8.55,AV_BN,30,2015-04-16 07:58:56,2015-04-16 07:58:56,loader,loader
422,1521,Leaf,8.56,AV_LE,30,2015-04-16 07:58:56,2015-04-16 07:58:56,loader,loader
423,1522,Flower,8.57,AV_FL,30,2015-04-16 07:58:56,2015-04-16 07:58:56,loader,loader
424,1523,Rose,8.58,AV_RS,30,2015-04-16 07:58:56,2015-04-16 07:58:56,loader,loader
425,1524,Tree (generic),8.60,AV_TR,30,2015-04-16 07:58:56,2015-04-16 07:58:56,loader,loader
426,1525,Oak,8.61,AV_OK,30,2015-04-16 07:58:56,2015-04-16 07:58:56,loader,loader
427,1526,Beech,8.62,AV_BE,30,2015-04-16 07:58:56,2015-04-16 07:58:56,loader,loader
428,1527,Birch,8.63,AV_BI,30,2015-04-16 07:58:56,2015-04-16 07:58:56,loader,loader
429,1528,Pine,8.64,AV_PI,30,2015-04-16 07:58:56,2015-04-16 07:58:56,loader,loader
430,1529,Fir,8.65,AV_FI,30,2015-04-16 07:58:56,2015-04-16 07:58:56,loader,loader
431,1530,Acorn,8.66,AV_AC,30,2015-04-16 07:58:56,2015-04-16 07:58:56,loader,loader
432,1531,Vine,8.67,AV_VI,30,2015-04-16 07:58:56,2015-04-16 07:58:56,loader,loader
433,1532,Tobacco,8.68,AV_TO,30,2015-04-16 07:58:56,2015-04-16 07:58:56,loader,loader
434,1533,Smoke (Tobacco),8.69,AV_ST,30,2015-04-16 07:58:56,2015-04-16 07:58:56,loader,loader
435,1534,"to Do, Make",9.11,PA_MA,31,2015-04-16 07:58:56,2015-04-16 07:58:56,loader,loader
436,1535,"Work, Labor",9.12,PA_WS,31,2015-04-16 07:58:56,2015-04-16 07:58:56,loader,loader
437,1536,"to Work, Toil",9.13,PA_WV,31,2015-04-16 07:58:56,2015-04-16 07:58:56,loader,loader
438,1537,to Bend,9.14,PA_BN,31,2015-04-16 07:58:56,2015-04-16 07:58:56,loader,loader
439,1538,to Fold,9.15,PA_FO,31,2015-04-16 07:58:56,2015-04-16 07:58:56,loader,loader
440,1539,to Bind,9.16,PA_BI,31,2015-04-16 07:58:56,2015-04-16 07:58:56,loader,loader
441,1540,Bond (n),9.17,PA_BO,31,2015-04-16 07:58:56,2015-04-16 07:58:56,loader,loader
442,1541,Chain (n),9.18,PA_CH,31,2015-04-16 07:58:56,2015-04-16 07:58:56,loader,loader
443,1542,"Rope, Cord",9.19,PA_RC,31,2015-04-16 07:58:56,2015-04-16 07:58:56,loader,loader
444,1543,Knot (n),9.192,PA_KN,31,2015-04-16 07:58:56,2015-04-16 07:58:56,loader,loader
445,1544,"to Hit, Strike, Beat",9.21,PA_SH,31,2015-04-16 07:58:56,2015-04-16 07:58:56,loader,loader
446,1545,to Cut,9.22,PA_CU,31,2015-04-16 07:58:56,2015-04-16 07:58:56,loader,loader
447,1546,Knife (tool),9.23,PA_KF,31,2015-04-16 07:58:56,2015-04-16 07:58:56,loader,loader
448,1547,"Shears, Scissors",9.24,PA_SS,31,2015-04-16 07:58:56,2015-04-16 07:58:56,loader,loader
449,1548,Ax,9.25,PA_AX,31,2015-04-16 07:58:56,2015-04-16 07:58:56,loader,loader
450,1549,to Break,9.26,PA_BK,31,2015-04-16 07:58:56,2015-04-16 07:58:56,loader,loader
451,1550,to Split,9.27,PA_SP,31,2015-04-16 07:58:56,2015-04-16 07:58:56,loader,loader
452,1551,to Tear,9.28,PA_TE,31,2015-04-16 07:58:56,2015-04-16 07:58:56,loader,loader
453,1552,"to Flay, Skin",9.29,PA_FS,31,2015-04-16 07:58:56,2015-04-16 07:58:56,loader,loader
454,1553,to Rub,9.31,PA_RU,31,2015-04-16 07:58:56,2015-04-16 07:58:56,loader,loader
455,1554,to Stretch,9.32,PA_SR,31,2015-04-16 07:58:56,2015-04-16 07:58:56,loader,loader
456,1555,"to Draw, Pull",9.33,PA_DP,31,2015-04-16 07:58:56,2015-04-16 07:58:56,loader,loader
457,1556,"to Strew, Spread Out",9.34,PA_SO,31,2015-04-16 07:58:56,2015-04-16 07:58:56,loader,loader
458,1557,to Press,9.342,PA_PR,31,2015-04-16 07:58:56,2015-04-16 07:58:56,loader,loader
459,1558,to Pour,9.35,PA_PO,31,2015-04-16 07:58:56,2015-04-16 07:58:56,loader,loader
460,1559,to Wash,9.36,PA_WA,31,2015-04-16 07:58:56,2015-04-16 07:58:56,loader,loader
461,1560,to Sweep,9.37,PA_SW,31,2015-04-16 07:58:56,2015-04-16 07:58:56,loader,loader
462,1561,Broom,9.38,PA_BM,31,2015-04-16 07:58:56,2015-04-16 07:58:56,loader,loader
463,1562,"Craft, Trade",9.41,PA_CT,31,2015-04-16 07:58:56,2015-04-16 07:58:56,loader,loader
464,1563,Art,9.412,PA_AR,31,2015-04-16 07:58:56,2015-04-16 07:58:56,loader,loader
465,1564,"Artisan, Craftsman",9.42,PA_AC,31,2015-04-16 07:58:56,2015-04-16 07:58:56,loader,loader
466,1565,Tool,9.422,PA_TO,31,2015-04-16 07:58:56,2015-04-16 07:58:56,loader,loader
467,1566,to Use,9.423,PA_US,31,2015-04-16 07:58:56,2015-04-16 07:58:56,loader,loader
468,1567,Carpenter,9.43,PA_CA,31,2015-04-16 07:58:56,2015-04-16 07:58:56,loader,loader
469,1568,to Build,9.44,PA_BU,31,2015-04-16 07:58:56,2015-04-16 07:58:56,loader,loader
470,1569,to Hew,9.45,PA_HE,31,2015-04-16 07:58:56,2015-04-16 07:58:56,loader,loader
471,1570,to Bore,9.46,PA_BR,31,2015-04-16 07:58:56,2015-04-16 07:58:56,loader,loader
472,1571,Auger,9.47,PA_AU,31,2015-04-16 07:58:56,2015-04-16 07:58:56,loader,loader
473,1572,Saw (n),9.48,PA_SA,31,2015-04-16 07:58:56,2015-04-16 07:58:56,loader,loader
474,1573,Hammer (n),9.49,PA_HA,31,2015-04-16 07:58:56,2015-04-16 07:58:56,loader,loader
475,1574,"Nail, Peg",9.50,PA_NA,31,2015-04-16 07:58:56,2015-04-16 07:58:56,loader,loader
476,1575,Beam,9.51,PA_BE,31,2015-04-16 07:58:56,2015-04-16 07:58:56,loader,loader
477,1576,Board,9.52,PA_BD,31,2015-04-16 07:58:56,2015-04-16 07:58:56,loader,loader
478,1577,Mason,9.53,PA_MN,31,2015-04-16 07:58:56,2015-04-16 07:58:56,loader,loader
479,1578,Brick,9.54,PA_BC,31,2015-04-16 07:58:56,2015-04-16 07:58:56,loader,loader
480,1579,Mortar,9.55,PA_MO,31,2015-04-16 07:58:56,2015-04-16 07:58:56,loader,loader
481,1580,Smith,9.60,PA_SM,31,2015-04-16 07:58:56,2015-04-16 07:58:56,loader,loader
482,1581,to Forge,9.61,PA_FG,31,2015-04-16 07:58:56,2015-04-16 07:58:56,loader,loader
483,1582,Anvil,9.62,PA_AN,31,2015-04-16 07:58:56,2015-04-16 07:58:56,loader,loader
484,1583,to Cast (metals),9.63,PA_CM,31,2015-04-16 07:58:56,2015-04-16 07:58:56,loader,loader
485,1584,Gold,9.64,PA_GO,31,2015-04-16 07:58:56,2015-04-16 07:58:56,loader,loader
486,1585,Silver,9.65,PA_SI,31,2015-04-16 07:58:56,2015-04-16 07:58:56,loader,loader
487,1586,"Copper, Bronze",9.66,PA_CO,31,2015-04-16 07:58:56,2015-04-16 07:58:56,loader,loader
488,1587,Iron,9.67,PA_IR,31,2015-04-16 07:58:56,2015-04-16 07:58:56,loader,loader
489,1588,Lead,9.68,PA_LE,31,2015-04-16 07:58:56,2015-04-16 07:58:56,loader,loader
490,1589,"Tin, Tin-Plate",9.69,PA_TT,31,2015-04-16 07:58:56,2015-04-16 07:58:56,loader,loader
491,1590,Potter,9.71,PA_PT,31,2015-04-16 07:58:56,2015-04-16 07:58:56,loader,loader
492,1591,"to Mold, Form",9.72,PA_MD,31,2015-04-16 07:58:56,2015-04-16 07:58:56,loader,loader
493,1592,Clay,9.73,PA_CL,31,2015-04-16 07:58:56,2015-04-16 07:58:56,loader,loader
494,1593,to Plait,9.75,PA_PL,31,2015-04-16 07:58:56,2015-04-16 07:58:56,loader,loader
495,1594,Basket,9.76,PA_BA,31,2015-04-16 07:58:56,2015-04-16 07:58:56,loader,loader
496,1595,to Carve,9.81,PA_CV,31,2015-04-16 07:58:56,2015-04-16 07:58:56,loader,loader
497,1596,Sculptor,9.82,PA_SC,31,2015-04-16 07:58:56,2015-04-16 07:58:56,loader,loader
498,1597,Statue,9.83,PA_ST,31,2015-04-16 07:58:56,2015-04-16 07:58:56,loader,loader
499,1598,Chisel (n),9.84,PA_CS,31,2015-04-16 07:58:56,2015-04-16 07:58:56,loader,loader
500,1599,to Paint (as artist),9.85,PA_PA,31,2015-04-16 07:58:56,2015-04-16 07:58:56,loader,loader
501,1600,to Move,10.11,MO_MO,32,2015-04-16 07:58:56,2015-04-16 07:58:56,loader,loader
502,1601,to Turn,10.12,MO_TU,32,2015-04-16 07:58:56,2015-04-16 07:58:56,loader,loader
503,1602,to Turn Around,10.13,MO_TA,32,2015-04-16 07:58:56,2015-04-16 07:58:56,loader,loader
504,1603,"to Wind, Wrap",10.14,MO_WW,32,2015-04-16 07:58:56,2015-04-16 07:58:56,loader,loader
505,1604,to Roll,10.15,MO_RO,32,2015-04-16 07:58:57,2015-04-16 07:58:57,loader,loader
506,1605,to Rise,10.21,MO_RI,32,2015-04-16 07:58:57,2015-04-16 07:58:57,loader,loader
507,1606,"to Lift, Raise",10.22,MO_RL,32,2015-04-16 07:58:57,2015-04-16 07:58:57,loader,loader
508,1607,to Fall,10.23,MO_FA,32,2015-04-16 07:58:57,2015-04-16 07:58:57,loader,loader
509,1608,to Drop,10.24,MO_DR,32,2015-04-16 07:58:57,2015-04-16 07:58:57,loader,loader
510,1609,to Throw,10.25,MO_TH,32,2015-04-16 07:58:57,2015-04-16 07:58:57,loader,loader
511,1610,to Shake,10.26,MO_SH,32,2015-04-16 07:58:57,2015-04-16 07:58:57,loader,loader
512,1611,to Boil (intrans,10.31,MO_BO,32,2015-04-16 07:58:57,2015-04-16 07:58:57,loader,loader
513,1612,to Flow,10.32,MO_FL,32,2015-04-16 07:58:57,2015-04-16 07:58:57,loader,loader
514,1613,to Sink,10.33,MO_SI,32,2015-04-16 07:58:57,2015-04-16 07:58:57,loader,loader
515,1614,to Float,10.34,MO_FT,32,2015-04-16 07:58:57,2015-04-16 07:58:57,loader,loader
516,1615,to Swim,10.35,MO_SW,32,2015-04-16 07:58:57,2015-04-16 07:58:57,loader,loader
517,1616,to Sail,10.36,MO_SA,32,2015-04-16 07:58:57,2015-04-16 07:58:57,loader,loader
518,1617,to Fly,10.37,MO_FY,32,2015-04-16 07:58:57,2015-04-16 07:58:57,loader,loader
519,1618,to Blow,10.38,MO_BL,32,2015-04-16 07:58:57,2015-04-16 07:58:57,loader,loader
520,1619,"to Creep, Crawl",10.41,MO_CC,32,2015-04-16 07:58:57,2015-04-16 07:58:57,loader,loader
521,1620,"to Slip, Slide",10.42,MO_SS,32,2015-04-16 07:58:57,2015-04-16 07:58:57,loader,loader
522,1621,"to Jump, Leap",10.43,MO_JL,32,2015-04-16 07:58:57,2015-04-16 07:58:57,loader,loader
523,1622,to Dance,10.44,MO_DA,32,2015-04-16 07:58:57,2015-04-16 07:58:57,loader,loader
524,1623,to Walk,10.45,MO_WA,32,2015-04-16 07:58:57,2015-04-16 07:58:57,loader,loader
525,1624,to Run,10.46,MO_RU,32,2015-04-16 07:58:57,2015-04-16 07:58:57,loader,loader
526,1625,to Go,10.47,MO_GO,32,2015-04-16 07:58:57,2015-04-16 07:58:57,loader,loader
527,1626,to Come,10.48,MO_CO,32,2015-04-16 07:58:57,2015-04-16 07:58:57,loader,loader
528,1627,"to Depart, Go Away",10.49,MO_GA,32,2015-04-16 07:58:57,2015-04-16 07:58:57,loader,loader
529,1628,to Flee,10.51,MO_FE,32,2015-04-16 07:58:57,2015-04-16 07:58:57,loader,loader
530,1629,to Follow,10.52,MO_FO,32,2015-04-16 07:58:57,2015-04-16 07:58:57,loader,loader
531,1630,to Pursue,10.53,MO_PU,32,2015-04-16 07:58:57,2015-04-16 07:58:57,loader,loader
532,1631,to Overtake,10.54,MO_OV,32,2015-04-16 07:58:57,2015-04-16 07:58:57,loader,loader
533,1632,"to Reach, Arrive",10.55,MO_AR,32,2015-04-16 07:58:57,2015-04-16 07:58:57,loader,loader
534,1633,to Approach,10.56,MO_AP,32,2015-04-16 07:58:57,2015-04-16 07:58:57,loader,loader
535,1634,to Enter,10.57,MO_EN,32,2015-04-16 07:58:57,2015-04-16 07:58:57,loader,loader
536,1635,"to Bear, Carry",10.61,MO_CA,32,2015-04-16 07:58:57,2015-04-16 07:58:57,loader,loader
537,1636,to Bring,10.62,MO_BG,32,2015-04-16 07:58:57,2015-04-16 07:58:57,loader,loader
538,1637,to Send,10.63,MO_SE,32,2015-04-16 07:58:57,2015-04-16 07:58:57,loader,loader
539,1638,to Lead,10.64,MO_LE,32,2015-04-16 07:58:57,2015-04-16 07:58:57,loader,loader
540,1639,to Drive,10.65,MO_DV,32,2015-04-16 07:58:57,2015-04-16 07:58:57,loader,loader
541,1640,to Ride,10.66,MO_RD,32,2015-04-16 07:58:57,2015-04-16 07:58:57,loader,loader
542,1641,"to Push, Shove",10.67,MO_PS,32,2015-04-16 07:58:57,2015-04-16 07:58:57,loader,loader
543,1642,Road,10.71,MO_RA,32,2015-04-16 07:58:57,2015-04-16 07:58:57,loader,loader
544,1643,Path,10.72,MO_PA,32,2015-04-16 07:58:57,2015-04-16 07:58:57,loader,loader
545,1644,Street,10.73,MO_ST,32,2015-04-16 07:58:57,2015-04-16 07:58:57,loader,loader
546,1645,Bridge,10.74,MO_BR,32,2015-04-16 07:58:57,2015-04-16 07:58:57,loader,loader
547,1646,"Cart, Wagon, Carriage",10.75,MO_CW,32,2015-04-16 07:58:57,2015-04-16 07:58:57,loader,loader
548,1647,Wheel,10.76,MO_WH,32,2015-04-16 07:58:57,2015-04-16 07:58:57,loader,loader
549,1648,Axle,10.77,MO_AX,32,2015-04-16 07:58:57,2015-04-16 07:58:57,loader,loader
550,1649,Yoke,10.78,MO_YO,32,2015-04-16 07:58:57,2015-04-16 07:58:57,loader,loader
551,1650,Ship,10.81,MO_SP,32,2015-04-16 07:58:57,2015-04-16 07:58:57,loader,loader
552,1651,Sailor,10.82,MO_SR,32,2015-04-16 07:58:57,2015-04-16 07:58:57,loader,loader
553,1652,Boat,10.83,MO_BT,32,2015-04-16 07:58:57,2015-04-16 07:58:57,loader,loader
554,1653,Raft,10.84,MO_RF,32,2015-04-16 07:58:57,2015-04-16 07:58:57,loader,loader
555,1654,Oar,10.85,MO_OA,32,2015-04-16 07:58:57,2015-04-16 07:58:57,loader,loader
556,1655,to Row,10.852,MO_RW,32,2015-04-16 07:58:57,2015-04-16 07:58:57,loader,loader
557,1656,Rudder,10.86,MO_RR,32,2015-04-16 07:58:57,2015-04-16 07:58:57,loader,loader
558,1657,Mast,10.87,MO_MS,32,2015-04-16 07:58:57,2015-04-16 07:58:57,loader,loader
559,1658,Sail (n),10.88,MO_SL,32,2015-04-16 07:58:57,2015-04-16 07:58:57,loader,loader
560,1659,Anchor (n),10.89,MO_AN,32,2015-04-16 07:58:57,2015-04-16 07:58:57,loader,loader
561,1660,"Port, Harbor",10.90,MO_HP,32,2015-04-16 07:58:57,2015-04-16 07:58:57,loader,loader
562,1661,to Have,11.11,PT_HA,33,2015-04-16 07:58:57,2015-04-16 07:58:57,loader,loader
563,1662,"to Own, Possess",11.12,PT_OP,33,2015-04-16 07:58:57,2015-04-16 07:58:57,loader,loader
564,1663,to Take,11.13,PT_TA,33,2015-04-16 07:58:57,2015-04-16 07:58:57,loader,loader
565,1664,"to Grasp, Seize, Take Hold of",11.14,PT_SG,33,2015-04-16 07:58:57,2015-04-16 07:58:57,loader,loader
566,1665,to Hold,11.15,PT_HO,33,2015-04-16 07:58:57,2015-04-16 07:58:57,loader,loader
567,1666,"to Get, Obtain",11.16,PT_GO,33,2015-04-16 07:58:57,2015-04-16 07:58:57,loader,loader
568,1667,"to Keep, Retain",11.17,PT_KR,33,2015-04-16 07:58:57,2015-04-16 07:58:57,loader,loader
569,1668,to Give,11.21,PT_GI,33,2015-04-16 07:58:57,2015-04-16 07:58:57,loader,loader
570,1669,"to Return, Give Back",11.22,PT_GB,33,2015-04-16 07:58:57,2015-04-16 07:58:57,loader,loader
571,1670,to Restore,11.23,PT_RE,33,2015-04-16 07:58:57,2015-04-16 07:58:57,loader,loader
572,1671,"to Save, Preserve, Keep Safe",11.24,PT_PR,33,2015-04-16 07:58:57,2015-04-16 07:58:57,loader,loader
573,1672,"to Save, Rescue",11.25,PT_SR,33,2015-04-16 07:58:57,2015-04-16 07:58:57,loader,loader
574,1673,Safe (adj),11.26,PT_SA,33,2015-04-16 07:58:57,2015-04-16 07:58:57,loader,loader
575,1674,to Destroy,11.27,PT_DE,33,2015-04-16 07:58:57,2015-04-16 07:58:57,loader,loader
576,1675,"to Harm, Injure, Damage",11.28,PT_HI,33,2015-04-16 07:58:57,2015-04-16 07:58:57,loader,loader
577,1676,to Spoil,11.29,PT_SP,33,2015-04-16 07:58:57,2015-04-16 07:58:57,loader,loader
578,1677,to Seek,11.31,PT_SE,33,2015-04-16 07:58:57,2015-04-16 07:58:57,loader,loader
579,1678,to Find,11.32,PT_FI,33,2015-04-16 07:58:57,2015-04-16 07:58:57,loader,loader
580,1679,to Lose,11.33,PT_LO,33,2015-04-16 07:58:57,2015-04-16 07:58:57,loader,loader
581,1680,to Release,11.34,PT_RS,33,2015-04-16 07:58:57,2015-04-16 07:58:57,loader,loader
582,1681,Property,11.41,PT_PY,33,2015-04-16 07:58:57,2015-04-16 07:58:57,loader,loader
583,1682,"Wealth, Riches",11.42,PT_WR,33,2015-04-16 07:58:57,2015-04-16 07:58:57,loader,loader
584,1683,Money,11.43,PT_MO,33,2015-04-16 07:58:57,2015-04-16 07:58:57,loader,loader
585,1684,Coin,11.44,PT_CO,33,2015-04-16 07:58:57,2015-04-16 07:58:57,loader,loader
586,1685,Purse,11.45,PT_PU,33,2015-04-16 07:58:57,2015-04-16 07:58:57,loader,loader
587,1686,Treasure,11.46,PT_TR,33,2015-04-16 07:58:57,2015-04-16 07:58:57,loader,loader
588,1687,Bank,11.47,PT_BA,33,2015-04-16 07:58:57,2015-04-16 07:58:57,loader,loader
589,1688,Heir,11.48,PT_HE,33,2015-04-16 07:58:57,2015-04-16 07:58:57,loader,loader
590,1689,Rich,11.51,PT_RC,33,2015-04-16 07:58:57,2015-04-16 07:58:57,loader,loader
591,1690,Poor,11.52,PT_PO,33,2015-04-16 07:58:57,2015-04-16 07:58:57,loader,loader
592,1691,Beggar,11.53,PT_BG,33,2015-04-16 07:58:57,2015-04-16 07:58:57,loader,loader
593,1692,"Stingy, Avaricious",11.54,PT_AS,33,2015-04-16 07:58:57,2015-04-16 07:58:57,loader,loader
594,1693,Miser,11.55,PT_MS,33,2015-04-16 07:58:57,2015-04-16 07:58:57,loader,loader
595,1694,to Steal,11.56,PT_ST,33,2015-04-16 07:58:57,2015-04-16 07:58:57,loader,loader
596,1695,Thief,11.57,PT_TH,33,2015-04-16 07:58:57,2015-04-16 07:58:57,loader,loader
597,1696,to Rob; Robber,11.58,PT_RR,33,2015-04-16 07:58:57,2015-04-16 07:58:57,loader,loader
598,1697,to Lend,11.61,PT_LD,33,2015-04-16 07:58:57,2015-04-16 07:58:57,loader,loader
599,1698,to Borrow,11.62,PT_BW,33,2015-04-16 07:58:57,2015-04-16 07:58:57,loader,loader
600,1699,to Owe,11.63,PT_OW,33,2015-04-16 07:58:57,2015-04-16 07:58:57,loader,loader
601,1700,Debt,11.64,PT_DB,33,2015-04-16 07:58:57,2015-04-16 07:58:57,loader,loader
602,1701,to Pay,11.65,PT_PA,33,2015-04-16 07:58:57,2015-04-16 07:58:57,loader,loader
603,1702,"Account, Reckoning",11.66,PT_AR,33,2015-04-16 07:58:57,2015-04-16 07:58:57,loader,loader
604,1703,"Surety, Security",11.67,PT_SC,33,2015-04-16 07:58:57,2015-04-16 07:58:57,loader,loader
605,1704,Interest,11.68,PT_IT,33,2015-04-16 07:58:57,2015-04-16 07:58:57,loader,loader
606,1705,Tax (n),11.69,PT_TX,33,2015-04-16 07:58:57,2015-04-16 07:58:57,loader,loader
607,1706,Income,11.71,PT_IN,33,2015-04-16 07:58:57,2015-04-16 07:58:57,loader,loader
608,1707,"Cost, Expense",11.72,PT_EC,33,2015-04-16 07:58:57,2015-04-16 07:58:57,loader,loader
609,1708,"Gain, Profit",11.73,PT_PF,33,2015-04-16 07:58:57,2015-04-16 07:58:57,loader,loader
610,1709,Loss,11.74,PT_LS,33,2015-04-16 07:58:57,2015-04-16 07:58:57,loader,loader
611,1710,"to Lease, Rent (to another)",11.75,PT_LR,33,2015-04-16 07:58:57,2015-04-16 07:58:57,loader,loader
612,1711,"to Rent, Lease (from another)",11.76,PT_RL,33,2015-04-16 07:58:57,2015-04-16 07:58:57,loader,loader
613,1712,to Hire,11.77,PT_HR,33,2015-04-16 07:58:57,2015-04-16 07:58:57,loader,loader
614,1713,"Pay, Wages",11.78,PT_WA,33,2015-04-16 07:58:57,2015-04-16 07:58:57,loader,loader
615,1714,to Earn,11.79,PT_EA,33,2015-04-16 07:58:57,2015-04-16 07:58:57,loader,loader
616,1715,to Buy,11.81,PT_BU,33,2015-04-16 07:58:57,2015-04-16 07:58:57,loader,loader
617,1716,to Sell,11.82,PT_SL,33,2015-04-16 07:58:57,2015-04-16 07:58:57,loader,loader
618,1717,to Trade,11.83,PT_TD,33,2015-04-16 07:58:57,2015-04-16 07:58:57,loader,loader
619,1718,"Merchant, Tradesman",11.84,PT_MT,33,2015-04-16 07:58:57,2015-04-16 07:58:57,loader,loader
620,1719,Market (place),11.85,PT_MK,33,2015-04-16 07:58:57,2015-04-16 07:58:57,loader,loader
621,1720,"Store, Shop (n)",11.86,PT_SS,33,2015-04-16 07:58:57,2015-04-16 07:58:57,loader,loader
622,1721,Price,11.87,PT_PC,33,2015-04-16 07:58:57,2015-04-16 07:58:57,loader,loader
623,1722,"Dear, Expensive",11.88,PT_DR,33,2015-04-16 07:58:57,2015-04-16 07:58:57,loader,loader
624,1723,Cheap,11.89,PT_CH,33,2015-04-16 07:58:57,2015-04-16 07:58:57,loader,loader
625,1724,Place,12.11,SR_PL,34,2015-04-16 07:58:57,2015-04-16 07:58:57,loader,loader
626,1725,"to Put, Place, Set, Lay",12.12,SR_PU,34,2015-04-16 07:58:57,2015-04-16 07:58:57,loader,loader
627,1726,to Sit,12.13,SR_SI,34,2015-04-16 07:58:57,2015-04-16 07:58:57,loader,loader
628,1727,"to Lie, Recline",12.14,SR_LI,34,2015-04-16 07:58:57,2015-04-16 07:58:57,loader,loader
629,1728,to Stand,12.15,SR_ST,34,2015-04-16 07:58:57,2015-04-16 07:58:57,loader,loader
630,1729,"to Stay, Wait, Remain",12.16,SR_RM,34,2015-04-16 07:58:57,2015-04-16 07:58:57,loader,loader
631,1730,"to Remain, be Left Over",12.17,SR_RL,34,2015-04-16 07:58:57,2015-04-16 07:58:57,loader,loader
632,1731,"to Leave, Relinquish",12.18,SR_LE,34,2015-04-16 07:58:57,2015-04-16 07:58:57,loader,loader
633,1732,Quiet (adj),12.19,SR_QU,34,2015-04-16 07:58:57,2015-04-16 07:58:57,loader,loader
634,1733,"to Gather, Collect",12.21,SR_CG,34,2015-04-16 07:58:57,2015-04-16 07:58:57,loader,loader
635,1734,"to Join, Unite",12.22,SR_JU,34,2015-04-16 07:58:57,2015-04-16 07:58:57,loader,loader
636,1735,to Separate,12.23,SR_SE,34,2015-04-16 07:58:57,2015-04-16 07:58:57,loader,loader
637,1736,to Divide,12.232,SR_DI,34,2015-04-16 07:58:57,2015-04-16 07:58:57,loader,loader
638,1737,to Open,12.24,SR_OP,34,2015-04-16 07:58:57,2015-04-16 07:58:57,loader,loader
639,1738,"to Shut, Close",12.25,SR_SH,34,2015-04-16 07:58:57,2015-04-16 07:58:57,loader,loader
640,1739,to Cover,12.26,SR_CO,34,2015-04-16 07:58:57,2015-04-16 07:58:57,loader,loader
641,1740,"to Hide, Conceal",12.27,SR_HC,34,2015-04-16 07:58:57,2015-04-16 07:58:57,loader,loader
642,1741,High,12.31,SR_HI,34,2015-04-16 07:58:57,2015-04-16 07:58:57,loader,loader
643,1742,Low,12.32,SR_LO,34,2015-04-16 07:58:57,2015-04-16 07:58:57,loader,loader
644,1743,Top,12.33,SR_TO,34,2015-04-16 07:58:57,2015-04-16 07:58:57,loader,loader
645,1744,Bottom,12.34,SR_BO,34,2015-04-16 07:58:57,2015-04-16 07:58:57,loader,loader
646,1745,End,12.35,SR_EN,34,2015-04-16 07:58:57,2015-04-16 07:58:57,loader,loader
647,1746,Point,12.352,SR_PO,34,2015-04-16 07:58:57,2015-04-16 07:58:57,loader,loader
648,1747,Edge,12.353,SR_ED,34,2015-04-16 07:58:57,2015-04-16 07:58:57,loader,loader
649,1748,Side,12.36,SR_SD,34,2015-04-16 07:58:57,2015-04-16 07:58:57,loader,loader
650,1749,Middle,12.37,SR_MI,34,2015-04-16 07:58:57,2015-04-16 07:58:57,loader,loader
651,1750,Center,12.38,SR_CT,34,2015-04-16 07:58:57,2015-04-16 07:58:57,loader,loader
652,1751,Right (vs,12.41,SR_RI,34,2015-04-16 07:58:57,2015-04-16 07:58:57,loader,loader
653,1752,Left (vs,12.42,SR_LF,34,2015-04-16 07:58:57,2015-04-16 07:58:57,loader,loader
654,1753,Near (adj),12.43,SR_NE,34,2015-04-16 07:58:57,2015-04-16 07:58:57,loader,loader
655,1754,Far (adj),12.44,SR_FR,34,2015-04-16 07:58:57,2015-04-16 07:58:57,loader,loader
656,1755,East,12.45,SR_EA,34,2015-04-16 07:58:57,2015-04-16 07:58:57,loader,loader
657,1756,West,12.46,SR_WE,34,2015-04-16 07:58:57,2015-04-16 07:58:57,loader,loader
658,1757,North,12.47,SR_NO,34,2015-04-16 07:58:57,2015-04-16 07:58:57,loader,loader
659,1758,South,12.48,SR_SO,34,2015-04-16 07:58:57,2015-04-16 07:58:57,loader,loader
660,1759,"Form, Shape (n)",12.51,SR_FS,34,2015-04-16 07:58:57,2015-04-16 07:58:57,loader,loader
661,1760,Size (n),12.52,SR_SZ,34,2015-04-16 07:58:57,2015-04-16 07:58:57,loader,loader
662,1761,to Grow,12.53,SR_GW,34,2015-04-16 07:58:57,2015-04-16 07:58:57,loader,loader
663,1762,to Measure,12.54,SR_MS,34,2015-04-16 07:58:57,2015-04-16 07:58:57,loader,loader
664,1763,"Big, Large, Great",12.55,SR_XL,34,2015-04-16 07:58:57,2015-04-16 07:58:57,loader,loader
665,1764,"Small, Little",12.56,SR_SM,34,2015-04-16 07:58:57,2015-04-16 07:58:57,loader,loader
666,1765,Long,12.57,SR_LG,34,2015-04-16 07:58:58,2015-04-16 07:58:58,loader,loader
667,1766,Tall,12.58,SR_TL,34,2015-04-16 07:58:58,2015-04-16 07:58:58,loader,loader
668,1767,Short,12.59,SR_SS,34,2015-04-16 07:58:58,2015-04-16 07:58:58,loader,loader
669,1768,"Wide, Broad",12.61,SR_WB,34,2015-04-16 07:58:58,2015-04-16 07:58:58,loader,loader
670,1769,Narrow,12.62,SR_NR,34,2015-04-16 07:58:58,2015-04-16 07:58:58,loader,loader
671,1770,Thick (in Dimension),12.63,SR_TD,34,2015-04-16 07:58:58,2015-04-16 07:58:58,loader,loader
672,1771,Thick (in Density),12.64,SR_TS,34,2015-04-16 07:58:58,2015-04-16 07:58:58,loader,loader
673,1772,Thin (in Dimension),12.65,SR_ND,34,2015-04-16 07:58:58,2015-04-16 07:58:58,loader,loader
674,1773,Thin (in Density),12.66,SR_NS,34,2015-04-16 07:58:58,2015-04-16 07:58:58,loader,loader
675,1774,Deep,12.67,SR_DP,34,2015-04-16 07:58:58,2015-04-16 07:58:58,loader,loader
676,1775,Shallow,12.68,SR_SW,34,2015-04-16 07:58:58,2015-04-16 07:58:58,loader,loader
677,1776,Flat,12.71,SR_FL,34,2015-04-16 07:58:58,2015-04-16 07:58:58,loader,loader
678,1777,"Hollow, Concave",12.72,SR_HW,34,2015-04-16 07:58:58,2015-04-16 07:58:58,loader,loader
679,1778,Straight,12.73,SR_SG,34,2015-04-16 07:58:58,2015-04-16 07:58:58,loader,loader
680,1779,Crooked,12.74,SR_CR,34,2015-04-16 07:58:58,2015-04-16 07:58:58,loader,loader
681,1780,"Hook, Crook",12.75,SR_HK,34,2015-04-16 07:58:58,2015-04-16 07:58:58,loader,loader
682,1781,"Angle, Corner",12.76,SR_CN,34,2015-04-16 07:58:58,2015-04-16 07:58:58,loader,loader
683,1782,Cross (n),12.77,SR_CS,34,2015-04-16 07:58:58,2015-04-16 07:58:58,loader,loader
684,1783,Square (n),12.78,SR_SQ,34,2015-04-16 07:58:58,2015-04-16 07:58:58,loader,loader
685,1784,Round (adj),12.81,SR_RO,34,2015-04-16 07:58:58,2015-04-16 07:58:58,loader,loader
686,1785,Circle,12.82,SR_CI,34,2015-04-16 07:58:58,2015-04-16 07:58:58,loader,loader
687,1786,Sphere,12.83,SR_SP,34,2015-04-16 07:58:58,2015-04-16 07:58:58,loader,loader
688,1787,Line,12.84,SR_LN,34,2015-04-16 07:58:58,2015-04-16 07:58:58,loader,loader
689,1788,Hole,12.85,SR_HL,34,2015-04-16 07:58:58,2015-04-16 07:58:58,loader,loader
690,1789,"Equal, Alike",12.91,SR_EQ,34,2015-04-16 07:58:58,2015-04-16 07:58:58,loader,loader
691,1790,"Like, Similar",12.92,SR_LS,34,2015-04-16 07:58:58,2015-04-16 07:58:58,loader,loader
692,1791,to Change,12.93,SR_CE,34,2015-04-16 07:58:58,2015-04-16 07:58:58,loader,loader
693,1792,Sign (n),12.94,SR_SN,34,2015-04-16 07:58:58,2015-04-16 07:58:58,loader,loader
694,1793,"Amount, Quantity",13.11,QN_QN,35,2015-04-16 07:58:58,2015-04-16 07:58:58,loader,loader
695,1794,Number,13.12,QN_NU,35,2015-04-16 07:58:58,2015-04-16 07:58:58,loader,loader
696,1795,Whole,13.13,QN_WH,35,2015-04-16 07:58:58,2015-04-16 07:58:58,loader,loader
697,1796,"All, Every",13.14,QN_EA,35,2015-04-16 07:58:58,2015-04-16 07:58:58,loader,loader
698,1797,"Much, Many",13.15,QN_MM,35,2015-04-16 07:58:58,2015-04-16 07:58:58,loader,loader
699,1798,More,13.16,QN_MO,35,2015-04-16 07:58:58,2015-04-16 07:58:58,loader,loader
700,1799,"Few, Little",13.17,QN_LF,35,2015-04-16 07:58:58,2015-04-16 07:58:58,loader,loader
701,1800,Enough,13.18,QN_EN,35,2015-04-16 07:58:58,2015-04-16 07:58:58,loader,loader
702,1801,"Crowd, Multitude",13.19,QN_MC,35,2015-04-16 07:58:58,2015-04-16 07:58:58,loader,loader
703,1802,Other Collective Words,13.192,QN_CW,35,2015-04-16 07:58:58,2015-04-16 07:58:58,loader,loader
704,1803,Full,13.21,QN_FU,35,2015-04-16 07:58:58,2015-04-16 07:58:58,loader,loader
705,1804,Empty,13.22,QN_EM,35,2015-04-16 07:58:58,2015-04-16 07:58:58,loader,loader
706,1805,Part (n),13.23,QN_PR,35,2015-04-16 07:58:58,2015-04-16 07:58:58,loader,loader
707,1806,Half,13.24,QN_HA,35,2015-04-16 07:58:58,2015-04-16 07:58:58,loader,loader
708,1807,Numerals,13.31,QN_NN,35,2015-04-16 07:58:58,2015-04-16 07:58:58,loader,loader
709,1808,One,13.32,QN_ON,35,2015-04-16 07:58:58,2015-04-16 07:58:58,loader,loader
710,1809,"Alone, Only",13.33,QN_AO,35,2015-04-16 07:58:58,2015-04-16 07:58:58,loader,loader
711,1810,First,13.34,QN_FI,35,2015-04-16 07:58:58,2015-04-16 07:58:58,loader,loader
712,1811,Last,13.35,QN_LS,35,2015-04-16 07:58:58,2015-04-16 07:58:58,loader,loader
713,1812,Three,13.41,QN_TH,35,2015-04-16 07:58:58,2015-04-16 07:58:58,loader,loader
714,1813,Third (ordinal),13.42,QN_TO,35,2015-04-16 07:58:58,2015-04-16 07:58:58,loader,loader
715,1814,a Third (fraction),13.43,QN_TF,35,2015-04-16 07:58:58,2015-04-16 07:58:58,loader,loader
716,1815,Occurring Three Times,13.44,QN_TT,35,2015-04-16 07:58:58,2015-04-16 07:58:58,loader,loader
717,1816,"Threefold, Triple",13.45,QN_TR,35,2015-04-16 07:58:58,2015-04-16 07:58:58,loader,loader
718,1817,Consisting of Three Kinds,13.46,QN_TK,35,2015-04-16 07:58:58,2015-04-16 07:58:58,loader,loader
719,1818,Consisting of Three Together,13.47,QN_CT,35,2015-04-16 07:58:58,2015-04-16 07:58:58,loader,loader
720,1819,Group of Three,13.48,QN_GT,35,2015-04-16 07:58:58,2015-04-16 07:58:58,loader,loader
721,1820,By Threes,13.51,QN_BT,35,2015-04-16 07:58:58,2015-04-16 07:58:58,loader,loader
722,1821,Three Apiece,13.52,QN_TP,35,2015-04-16 07:58:58,2015-04-16 07:58:58,loader,loader
723,1822,Miscellaneous,13.53,QN_MI,35,2015-04-16 07:58:58,2015-04-16 07:58:58,loader,loader
724,1823,Time (period),14.11,TI_TI,36,2015-04-16 07:58:58,2015-04-16 07:58:58,loader,loader
725,1824,Age,14.12,TI_AG,36,2015-04-16 07:58:58,2015-04-16 07:58:58,loader,loader
726,1825,New,14.13,TI_NW,36,2015-04-16 07:58:58,2015-04-16 07:58:58,loader,loader
727,1826,Young,14.14,TI_YG,36,2015-04-16 07:58:58,2015-04-16 07:58:58,loader,loader
728,1827,Old,14.15,TI_OL,36,2015-04-16 07:58:58,2015-04-16 07:58:58,loader,loader
729,1828,Early (adv),14.16,TI_EA,36,2015-04-16 07:58:58,2015-04-16 07:58:58,loader,loader
730,1829,Late (adv),14.17,TI_LT,36,2015-04-16 07:58:58,2015-04-16 07:58:58,loader,loader
731,1830,Now,14.18,TI_NO,36,2015-04-16 07:58:58,2015-04-16 07:58:58,loader,loader
732,1831,"Soon, Immediately",14.19,TI_SI,36,2015-04-16 07:58:58,2015-04-16 07:58:58,loader,loader
733,1832,"Fast, Swift, Quick",14.21,TI_SW,36,2015-04-16 07:58:58,2015-04-16 07:58:58,loader,loader
734,1833,Slow (adj),14.22,TI_SL,36,2015-04-16 07:58:58,2015-04-16 07:58:58,loader,loader
735,1834,"to Hurry, Hasten",14.23,TI_HH,36,2015-04-16 07:58:58,2015-04-16 07:58:58,loader,loader
736,1835,to Delay,14.24,TI_DE,36,2015-04-16 07:58:58,2015-04-16 07:58:58,loader,loader
737,1836,to Begin; Beginning,14.25,TI_BB,36,2015-04-16 07:58:58,2015-04-16 07:58:58,loader,loader
738,1837,to Last,14.252,TI_LS,36,2015-04-16 07:58:58,2015-04-16 07:58:58,loader,loader
739,1838,"End (n, temporal)",14.26,TI_EN,36,2015-04-16 07:58:58,2015-04-16 07:58:58,loader,loader
740,1839,to Finish,14.27,TI_FI,36,2015-04-16 07:58:58,2015-04-16 07:58:58,loader,loader
741,1840,to Cease,14.28,TI_CE,36,2015-04-16 07:58:58,2015-04-16 07:58:58,loader,loader
742,1841,Ready (adj),14.29,TI_RE,36,2015-04-16 07:58:58,2015-04-16 07:58:58,loader,loader
743,1842,Always,14.31,TI_AL,36,2015-04-16 07:58:58,2015-04-16 07:58:58,loader,loader
744,1843,Often,14.32,TI_OF,36,2015-04-16 07:58:58,2015-04-16 07:58:58,loader,loader
745,1844,Sometimes,14.33,TI_ST,36,2015-04-16 07:58:58,2015-04-16 07:58:58,loader,loader
746,1845,Never,14.34,TI_NV,36,2015-04-16 07:58:58,2015-04-16 07:58:58,loader,loader
747,1846,Again,14.35,TI_AN,36,2015-04-16 07:58:58,2015-04-16 07:58:58,loader,loader
748,1847,Day,14.41,TI_DA,36,2015-04-16 07:58:58,2015-04-16 07:58:58,loader,loader
749,1848,Night,14.42,TI_NG,36,2015-04-16 07:58:58,2015-04-16 07:58:58,loader,loader
750,1849,Dawn,14.43,TI_DW,36,2015-04-16 07:58:58,2015-04-16 07:58:58,loader,loader
751,1850,Morning,14.44,TI_MG,36,2015-04-16 07:58:58,2015-04-16 07:58:58,loader,loader
752,1851,Noon,14.45,TI_NN,36,2015-04-16 07:58:58,2015-04-16 07:58:58,loader,loader
753,1852,Evening,14.46,TI_EV,36,2015-04-16 07:58:58,2015-04-16 07:58:58,loader,loader
754,1853,Today,14.47,TI_TD,36,2015-04-16 07:58:58,2015-04-16 07:58:58,loader,loader
755,1854,Tomorrow,14.48,TI_TM,36,2015-04-16 07:58:58,2015-04-16 07:58:58,loader,loader
756,1855,Yesterday,14.49,TI_YD,36,2015-04-16 07:58:58,2015-04-16 07:58:58,loader,loader
757,1856,Hour,14.51,TI_HR,36,2015-04-16 07:58:58,2015-04-16 07:58:58,loader,loader
758,1857,"Minute, Second",14.52,TI_MS,36,2015-04-16 07:58:58,2015-04-16 07:58:58,loader,loader
759,1858,"Clock, Watch",14.53,TI_CW,36,2015-04-16 07:58:58,2015-04-16 07:58:58,loader,loader
760,1859,Week,14.61,TI_WK,36,2015-04-16 07:58:58,2015-04-16 07:58:58,loader,loader
761,1860,Sunday,14.62,TI_SU,36,2015-04-16 07:58:58,2015-04-16 07:58:58,loader,loader
762,1861,Monday,14.63,TI_MO,36,2015-04-16 07:58:58,2015-04-16 07:58:58,loader,loader
763,1862,Tuesday,14.64,TI_TU,36,2015-04-16 07:58:58,2015-04-16 07:58:58,loader,loader
764,1863,Wednesday,14.65,TI_WE,36,2015-04-16 07:58:58,2015-04-16 07:58:58,loader,loader
765,1864,Thursday,14.66,TI_TH,36,2015-04-16 07:58:58,2015-04-16 07:58:58,loader,loader
766,1865,Friday,14.67,TI_FR,36,2015-04-16 07:58:58,2015-04-16 07:58:58,loader,loader
767,1866,Saturday,14.68,TI_SA,36,2015-04-16 07:58:58,2015-04-16 07:58:58,loader,loader
768,1867,Month,14.71,TI_MT,36,2015-04-16 07:58:58,2015-04-16 07:58:58,loader,loader
769,1868,Names of the Months,14.72,TI_NM,36,2015-04-16 07:58:58,2015-04-16 07:58:58,loader,loader
770,1869,Year,14.73,TI_YR,36,2015-04-16 07:58:58,2015-04-16 07:58:58,loader,loader
771,1870,Winter,14.74,TI_WI,36,2015-04-16 07:58:58,2015-04-16 07:58:58,loader,loader
772,1871,Spring,14.75,TI_SP,36,2015-04-16 07:58:58,2015-04-16 07:58:58,loader,loader
773,1872,Summer,14.76,TI_SM,36,2015-04-16 07:58:58,2015-04-16 07:58:58,loader,loader
774,1873,Autumn,14.77,TI_AU,36,2015-04-16 07:58:58,2015-04-16 07:58:58,loader,loader
775,1874,Season,14.78,TI_SN,36,2015-04-16 07:58:58,2015-04-16 07:58:58,loader,loader
776,1875,"to Sense, Perceive; Sense",15.11,SP_PS,37,2015-04-16 07:58:58,2015-04-16 07:58:58,loader,loader
777,1876,to Smell (subj),15.21,SP_VS,37,2015-04-16 07:58:58,2015-04-16 07:58:58,loader,loader
778,1877,to Smell (obj),15.22,SP_VO,37,2015-04-16 07:58:58,2015-04-16 07:58:58,loader,loader
779,1878,"Smell (n, subj)",15.23,SP_SS,37,2015-04-16 07:58:58,2015-04-16 07:58:58,loader,loader
780,1879,"Smell (n, obj)",15.24,SP_SB,37,2015-04-16 07:58:58,2015-04-16 07:58:58,loader,loader
781,1880,"Fragrant, Good Smelling",15.25,SP_GS,37,2015-04-16 07:58:58,2015-04-16 07:58:58,loader,loader
782,1881,"Stinking, Bad Smelling",15.26,SP_BD,37,2015-04-16 07:58:58,2015-04-16 07:58:58,loader,loader
783,1882,to Taste (subj),15.31,SP_TJ,37,2015-04-16 07:58:58,2015-04-16 07:58:58,loader,loader
784,1883,to Taste (obj),15.32,SP_TT,37,2015-04-16 07:58:58,2015-04-16 07:58:58,loader,loader
785,1884,"Taste (n, subj)",15.33,SP_TO,37,2015-04-16 07:58:58,2015-04-16 07:58:58,loader,loader
786,1885,"Taste (n, obj)",15.34,SP_TS,37,2015-04-16 07:58:58,2015-04-16 07:58:58,loader,loader
787,1886,Sweet,15.35,SP_ST,37,2015-04-16 07:58:58,2015-04-16 07:58:58,loader,loader
788,1887,Salty,15.36,SP_SA,37,2015-04-16 07:58:58,2015-04-16 07:58:58,loader,loader
789,1888,Bitter,15.37,SP_BI,37,2015-04-16 07:58:58,2015-04-16 07:58:58,loader,loader
790,1889,"Sour, Acidic",15.38,SP_AC,37,2015-04-16 07:58:58,2015-04-16 07:58:58,loader,loader
791,1890,to Hear,15.41,SP_HE,37,2015-04-16 07:58:58,2015-04-16 07:58:58,loader,loader
792,1891,"to Listen, Harken",15.42,SP_LI,37,2015-04-16 07:58:58,2015-04-16 07:58:58,loader,loader
793,1892,Hearing (n),15.43,SP_HG,37,2015-04-16 07:58:58,2015-04-16 07:58:58,loader,loader
794,1893,Sound (n),15.44,SP_SO,37,2015-04-16 07:58:58,2015-04-16 07:58:58,loader,loader
795,1894,Loud,15.45,SP_LD,37,2015-04-16 07:58:58,2015-04-16 07:58:58,loader,loader
796,1895,to See,15.51,SP_SE,37,2015-04-16 07:58:58,2015-04-16 07:58:58,loader,loader
797,1896,to Look,15.52,SP_LO,37,2015-04-16 07:58:58,2015-04-16 07:58:58,loader,loader
798,1897,Sight (subj),15.53,SP_SI,37,2015-04-16 07:58:58,2015-04-16 07:58:58,loader,loader
799,1898,"Sight (obj), Look (obj), Appearance",15.54,SP_SG,37,2015-04-16 07:58:58,2015-04-16 07:58:58,loader,loader
800,1899,to Show,15.55,SP_SW,37,2015-04-16 07:58:58,2015-04-16 07:58:58,loader,loader
801,1900,"to Shine, Glisten",15.56,SP_SH,37,2015-04-16 07:58:58,2015-04-16 07:58:58,loader,loader
802,1901,Bright,15.57,SP_BR,37,2015-04-16 07:58:58,2015-04-16 07:58:58,loader,loader
803,1902,Color,15.61,SP_CO,37,2015-04-16 07:58:58,2015-04-16 07:58:58,loader,loader
804,1903,Light in Color,15.62,SP_LC,37,2015-04-16 07:58:58,2015-04-16 07:58:58,loader,loader
805,1904,Dark in Color,15.63,SP_DC,37,2015-04-16 07:58:58,2015-04-16 07:58:58,loader,loader
806,1905,White,15.64,SP_WH,37,2015-04-16 07:58:58,2015-04-16 07:58:58,loader,loader
807,1906,Black,15.65,SP_BK,37,2015-04-16 07:58:58,2015-04-16 07:58:58,loader,loader
808,1907,Red,15.66,SP_RD,37,2015-04-16 07:58:58,2015-04-16 07:58:58,loader,loader
809,1908,Blue,15.67,SP_BL,37,2015-04-16 07:58:58,2015-04-16 07:58:58,loader,loader
810,1909,Green,15.68,SP_GR,37,2015-04-16 07:58:58,2015-04-16 07:58:58,loader,loader
811,1910,Yellow,15.69,SP_YL,37,2015-04-16 07:58:58,2015-04-16 07:58:58,loader,loader
812,1911,to Touch,15.71,SP_TV,37,2015-04-16 07:58:58,2015-04-16 07:58:58,loader,loader
813,1912,to Feel of,15.72,SP_FO,37,2015-04-16 07:58:58,2015-04-16 07:58:58,loader,loader
814,1913,Touch (n),15.73,SP_TC,37,2015-04-16 07:58:58,2015-04-16 07:58:58,loader,loader
815,1914,Hard,15.74,SP_HA,37,2015-04-16 07:58:58,2015-04-16 07:58:58,loader,loader
816,1915,Soft,15.75,SP_SF,37,2015-04-16 07:58:58,2015-04-16 07:58:58,loader,loader
817,1916,Rough,15.76,SP_RG,37,2015-04-16 07:58:58,2015-04-16 07:58:58,loader,loader
818,1917,Smooth,15.77,SP_SM,37,2015-04-16 07:58:58,2015-04-16 07:58:58,loader,loader
819,1918,Sharp,15.78,SP_SP,37,2015-04-16 07:58:58,2015-04-16 07:58:58,loader,loader
820,1919,"Dull, Blunt",15.79,SP_LL,37,2015-04-16 07:58:58,2015-04-16 07:58:58,loader,loader
821,1920,"Heavy, Weighty",15.81,SP_HV,37,2015-04-16 07:58:58,2015-04-16 07:58:58,loader,loader
822,1921,"Light, Nimble",15.82,SP_LW,37,2015-04-16 07:58:58,2015-04-16 07:58:58,loader,loader
823,1922,"Wet, Damp",15.83,SP_WD,37,2015-04-16 07:58:58,2015-04-16 07:58:58,loader,loader
824,1923,"Dry, Arid",15.84,SP_DR,37,2015-04-16 07:58:58,2015-04-16 07:58:58,loader,loader
825,1924,"Hot, Warm",15.85,SP_HW,37,2015-04-16 07:58:58,2015-04-16 07:58:58,loader,loader
826,1925,"Cold, Frigid",15.86,SP_CD,37,2015-04-16 07:58:58,2015-04-16 07:58:58,loader,loader
827,1926,"Pure, Clean",15.87,SP_CN,37,2015-04-16 07:58:58,2015-04-16 07:58:58,loader,loader
828,1927,"Dirty, Soiled",15.88,SP_DS,37,2015-04-16 07:58:58,2015-04-16 07:58:58,loader,loader
829,1928,"Soul, Spirit",16.11,EM_SS,38,2015-04-16 07:58:58,2015-04-16 07:58:58,loader,loader
830,1929,"Feeling, Emotion",16.12,EM_EF,38,2015-04-16 07:58:58,2015-04-16 07:58:58,loader,loader
831,1930,Passion,16.13,EM_PA,38,2015-04-16 07:58:58,2015-04-16 07:58:58,loader,loader
832,1931,Care (n),16.14,EM_CA,38,2015-04-16 07:58:58,2015-04-16 07:58:58,loader,loader
833,1932,"Wonder, Astonishment",16.15,EM_WA,38,2015-04-16 07:58:58,2015-04-16 07:58:58,loader,loader
834,1933,Surprise,16.16,EM_SU,38,2015-04-16 07:58:58,2015-04-16 07:58:58,loader,loader
835,1934,Fortune (Good or Bad),16.17,EM_FO,38,2015-04-16 07:58:58,2015-04-16 07:58:58,loader,loader
836,1935,Good Fortune,16.18,EM_GF,38,2015-04-16 07:58:58,2015-04-16 07:58:58,loader,loader
837,1936,Misfortune,16.19,EM_MF,38,2015-04-16 07:58:58,2015-04-16 07:58:58,loader,loader
838,1937,to Please,16.21,EM_PL,38,2015-04-16 07:58:58,2015-04-16 07:58:58,loader,loader
839,1938,Please in Polite Phrases,16.212,EM_PP,38,2015-04-16 07:58:58,2015-04-16 07:58:58,loader,loader
840,1939,Joy,16.22,EM_JY,38,2015-04-16 07:58:58,2015-04-16 07:58:58,loader,loader
841,1940,"Glad, Joyful",16.23,EM_JG,38,2015-04-16 07:58:59,2015-04-16 07:58:59,loader,loader
842,1941,Happy; Happiness,16.24,EM_HH,38,2015-04-16 07:58:59,2015-04-16 07:58:59,loader,loader
843,1942,"to Laugh, Smile",16.25,EM_LS,38,2015-04-16 07:58:59,2015-04-16 07:58:59,loader,loader
844,1943,to Play,16.26,EM_PV,38,2015-04-16 07:58:59,2015-04-16 07:58:59,loader,loader
845,1944,to Love; Love,16.27,EM_LO,38,2015-04-16 07:58:59,2015-04-16 07:58:59,loader,loader
846,1945,Dear,16.28,EM_DR,38,2015-04-16 07:58:59,2015-04-16 07:58:59,loader,loader
847,1946,to Kiss,16.29,EM_KS,38,2015-04-16 07:58:59,2015-04-16 07:58:59,loader,loader
848,1947,"Pain, Suffering",16.31,EM_PS,38,2015-04-16 07:58:59,2015-04-16 07:58:59,loader,loader
849,1948,"Grief, Sorrow",16.32,EM_GS,38,2015-04-16 07:58:59,2015-04-16 07:58:59,loader,loader
850,1949,Anxiety,16.33,EM_AN,38,2015-04-16 07:58:59,2015-04-16 07:58:59,loader,loader
851,1950,"to Regret, Repent",16.34,EM_RR,38,2015-04-16 07:58:59,2015-04-16 07:58:59,loader,loader
852,1951,Pity (n),16.35,EM_PT,38,2015-04-16 07:58:59,2015-04-16 07:58:59,loader,loader
853,1952,Sad,16.36,EM_SA,38,2015-04-16 07:58:59,2015-04-16 07:58:59,loader,loader
854,1953,"to Cry, Weep",16.37,EM_CW,38,2015-04-16 07:58:59,2015-04-16 07:58:59,loader,loader
855,1954,Tear (n),16.38,EM_TR,38,2015-04-16 07:58:59,2015-04-16 07:58:59,loader,loader
856,1955,to Groan,16.39,EM_GR,38,2015-04-16 07:58:59,2015-04-16 07:58:59,loader,loader
857,1956,Hate (n),16.41,EM_HT,38,2015-04-16 07:58:59,2015-04-16 07:58:59,loader,loader
858,1957,Anger,16.42,EM_AG,38,2015-04-16 07:58:59,2015-04-16 07:58:59,loader,loader
859,1958,"Rage, Fury",16.43,EM_RF,38,2015-04-16 07:58:59,2015-04-16 07:58:59,loader,loader
860,1959,"Envy, Jealousy",16.44,EM_EJ,38,2015-04-16 07:58:59,2015-04-16 07:58:59,loader,loader
861,1960,Shame (n),16.45,EM_SH,38,2015-04-16 07:58:59,2015-04-16 07:58:59,loader,loader
862,1961,Honor (n),16.46,EM_HO,38,2015-04-16 07:58:59,2015-04-16 07:58:59,loader,loader
863,1962,"Fame, Glory",16.47,EM_GL,38,2015-04-16 07:58:59,2015-04-16 07:58:59,loader,loader
864,1963,Proud,16.48,EM_PD,38,2015-04-16 07:58:59,2015-04-16 07:58:59,loader,loader
865,1964,to Dare,16.51,EM_DA,38,2015-04-16 07:58:59,2015-04-16 07:58:59,loader,loader
866,1965,"Brave, Courageous",16.52,EM_BR,38,2015-04-16 07:58:59,2015-04-16 07:58:59,loader,loader
867,1966,"Fear, Fright",16.53,EM_FF,38,2015-04-16 07:58:59,2015-04-16 07:58:59,loader,loader
868,1967,"Peril, Danger",16.54,EM_DG,38,2015-04-16 07:58:59,2015-04-16 07:58:59,loader,loader
869,1968,"Timid, Cowardly",16.55,EM_TC,38,2015-04-16 07:58:59,2015-04-16 07:58:59,loader,loader
870,1969,"to Will, Wish",16.61,EM_WW,38,2015-04-16 07:58:59,2015-04-16 07:58:59,loader,loader
871,1970,to Desire,16.62,EM_DE,38,2015-04-16 07:58:59,2015-04-16 07:58:59,loader,loader
872,1971,Hope (n),16.63,EM_HP,38,2015-04-16 07:58:59,2015-04-16 07:58:59,loader,loader
873,1972,Thanks (n),16.64,EM_TH,38,2015-04-16 07:58:59,2015-04-16 07:58:59,loader,loader
874,1973,Faithful,16.65,EM_FL,38,2015-04-16 07:58:59,2015-04-16 07:58:59,loader,loader
875,1974,True,16.66,EM_TE,38,2015-04-16 07:58:59,2015-04-16 07:58:59,loader,loader
876,1975,"Lie, Falsehood",16.67,EM_LI,38,2015-04-16 07:58:59,2015-04-16 07:58:59,loader,loader
877,1976,Deceit,16.68,EM_DC,38,2015-04-16 07:58:59,2015-04-16 07:58:59,loader,loader
878,1977,to Forgive,16.69,EM_FG,38,2015-04-16 07:58:59,2015-04-16 07:58:59,loader,loader
879,1978,Good,16.71,EM_GD,38,2015-04-16 07:58:59,2015-04-16 07:58:59,loader,loader
880,1979,Bad,16.72,EM_BD,38,2015-04-16 07:58:59,2015-04-16 07:58:59,loader,loader
881,1980,Right (adj),16.73,EM_RI,38,2015-04-16 07:58:59,2015-04-16 07:58:59,loader,loader
882,1981,Wrong (adj),16.74,EM_WR,38,2015-04-16 07:58:59,2015-04-16 07:58:59,loader,loader
883,1982,"Sin, Impiety",16.75,EM_SN,38,2015-04-16 07:58:59,2015-04-16 07:58:59,loader,loader
884,1983,"Fault, Guilt",16.76,EM_FA,38,2015-04-16 07:58:59,2015-04-16 07:58:59,loader,loader
885,1984,"Error, Mistake",16.77,EM_ME,38,2015-04-16 07:58:59,2015-04-16 07:58:59,loader,loader
886,1985,Blame (n),16.78,EM_BL,38,2015-04-16 07:58:59,2015-04-16 07:58:59,loader,loader
887,1986,Praise (n),16.79,EM_PR,38,2015-04-16 07:58:59,2015-04-16 07:58:59,loader,loader
888,1987,Beautiful,16.81,EM_BF,38,2015-04-16 07:58:59,2015-04-16 07:58:59,loader,loader
889,1988,Ugly,16.82,EM_UG,38,2015-04-16 07:58:59,2015-04-16 07:58:59,loader,loader
890,1989,Mind,17.11,MT_MI,39,2015-04-16 07:58:59,2015-04-16 07:58:59,loader,loader
891,1990,"Reason, Intelligence",17.12,MT_IR,39,2015-04-16 07:58:59,2015-04-16 07:58:59,loader,loader
892,1991,"to Think, Reflect",17.13,MT_TR,39,2015-04-16 07:58:59,2015-04-16 07:58:59,loader,loader
893,1992,"to Think, be of the Opinion",17.14,MT_TO,39,2015-04-16 07:58:59,2015-04-16 07:58:59,loader,loader
894,1993,to Believe,17.15,MT_BE,39,2015-04-16 07:58:59,2015-04-16 07:58:59,loader,loader
895,1994,to Understand,17.16,MT_UN,39,2015-04-16 07:58:59,2015-04-16 07:58:59,loader,loader
896,1995,to Know,17.17,MT_KN,39,2015-04-16 07:58:59,2015-04-16 07:58:59,loader,loader
897,1996,to Seem,17.18,MT_SE,39,2015-04-16 07:58:59,2015-04-16 07:58:59,loader,loader
898,1997,"Idea, Notion",17.19,MT_IN,39,2015-04-16 07:58:59,2015-04-16 07:58:59,loader,loader
899,1998,Wise,17.21,MT_WI,39,2015-04-16 07:58:59,2015-04-16 07:58:59,loader,loader
900,1999,"Stupid, Foolish",17.22,MT_FS,39,2015-04-16 07:58:59,2015-04-16 07:58:59,loader,loader
901,2000,"Mad, Crazy, Insane",17.23,MT_IM,39,2015-04-16 07:58:59,2015-04-16 07:58:59,loader,loader
902,2001,to Learn,17.24,MT_LE,39,2015-04-16 07:58:59,2015-04-16 07:58:59,loader,loader
903,2002,to Study,17.242,MT_ST,39,2015-04-16 07:58:59,2015-04-16 07:58:59,loader,loader
904,2003,to Teach,17.25,MT_TE,39,2015-04-16 07:58:59,2015-04-16 07:58:59,loader,loader
905,2004,Pupil,17.26,MT_PU,39,2015-04-16 07:58:59,2015-04-16 07:58:59,loader,loader
906,2005,Teacher,17.27,MT_TC,39,2015-04-16 07:58:59,2015-04-16 07:58:59,loader,loader
907,2006,School,17.28,MT_SC,39,2015-04-16 07:58:59,2015-04-16 07:58:59,loader,loader
908,2007,to Remember,17.31,MT_RM,39,2015-04-16 07:58:59,2015-04-16 07:58:59,loader,loader
909,2008,to Forget,17.32,MT_FR,39,2015-04-16 07:58:59,2015-04-16 07:58:59,loader,loader
910,2009,Meaning,17.33,MT_ME,39,2015-04-16 07:58:59,2015-04-16 07:58:59,loader,loader
911,2010,"Clear, Plain (to the Mind)",17.34,MT_CP,39,2015-04-16 07:58:59,2015-04-16 07:58:59,loader,loader
912,2011,Obscure,17.35,MT_OB,39,2015-04-16 07:58:59,2015-04-16 07:58:59,loader,loader
913,2012,Secret,17.36,MT_SR,39,2015-04-16 07:58:59,2015-04-16 07:58:59,loader,loader
914,2013,"Sure, Certain",17.37,MT_SN,39,2015-04-16 07:58:59,2015-04-16 07:58:59,loader,loader
915,2014,to Explain,17.38,MT_EX,39,2015-04-16 07:58:59,2015-04-16 07:58:59,loader,loader
916,2015,to Solve,17.39,MT_SV,39,2015-04-16 07:58:59,2015-04-16 07:58:59,loader,loader
917,2016,"Purpose, Intention",17.41,MT_IP,39,2015-04-16 07:58:59,2015-04-16 07:58:59,loader,loader
918,2017,"Cause, Reason",17.42,MT_CA,39,2015-04-16 07:58:59,2015-04-16 07:58:59,loader,loader
919,2018,Doubt (n),17.43,MT_DB,39,2015-04-16 07:58:59,2015-04-16 07:58:59,loader,loader
920,2019,Suspicion,17.44,MT_SU,39,2015-04-16 07:58:59,2015-04-16 07:58:59,loader,loader
921,2020,Voice (n),18.11,LM_VO,40,2015-04-16 07:58:59,2015-04-16 07:58:59,loader,loader
922,2021,to Sing,18.12,LM_SG,40,2015-04-16 07:58:59,2015-04-16 07:58:59,loader,loader
923,2022,"to Shout, Cry Out",18.13,LM_SC,40,2015-04-16 07:58:59,2015-04-16 07:58:59,loader,loader
924,2023,Various Cries,18.14,LM_VC,40,2015-04-16 07:58:59,2015-04-16 07:58:59,loader,loader
925,2024,"to Speak, Talk",18.21,LM_ST,40,2015-04-16 07:58:59,2015-04-16 07:58:59,loader,loader
926,2025,to Say,18.22,LM_SY,40,2015-04-16 07:58:59,2015-04-16 07:58:59,loader,loader
927,2026,to be Silent,18.23,LM_BS,40,2015-04-16 07:58:59,2015-04-16 07:58:59,loader,loader
928,2027,Language,18.24,LM_LG,40,2015-04-16 07:58:59,2015-04-16 07:58:59,loader,loader
929,2028,Dialect,18.25,LM_DC,40,2015-04-16 07:58:59,2015-04-16 07:58:59,loader,loader
930,2029,Word,18.26,LM_WR,40,2015-04-16 07:58:59,2015-04-16 07:58:59,loader,loader
931,2030,"Glossary, Dictionary",18.27,LM_DI,40,2015-04-16 07:58:59,2015-04-16 07:58:59,loader,loader
932,2031,Name,18.28,LM_NA,40,2015-04-16 07:58:59,2015-04-16 07:58:59,loader,loader
933,2032,"to Question, Inquire",18.31,LM_AQ,40,2015-04-16 07:58:59,2015-04-16 07:58:59,loader,loader
934,2033,to Answer,18.32,LM_AW,40,2015-04-16 07:58:59,2015-04-16 07:58:59,loader,loader
935,2034,"to Admit, Confess",18.33,LM_AC,40,2015-04-16 07:58:59,2015-04-16 07:58:59,loader,loader
936,2035,to Deny,18.34,LM_DY,40,2015-04-16 07:58:59,2015-04-16 07:58:59,loader,loader
937,2036,"to Ask, Request",18.35,LM_AR,40,2015-04-16 07:58:59,2015-04-16 07:58:59,loader,loader
938,2037,to Promise,18.36,LM_PR,40,2015-04-16 07:58:59,2015-04-16 07:58:59,loader,loader
939,2038,"to Refuse, Forbid",18.37,LM_RF,40,2015-04-16 07:58:59,2015-04-16 07:58:59,loader,loader
940,2039,"to Call, Summon",18.41,LM_CS,40,2015-04-16 07:58:59,2015-04-16 07:58:59,loader,loader
941,2040,"to Call, Name",18.42,LM_CN,40,2015-04-16 07:58:59,2015-04-16 07:58:59,loader,loader
942,2041,to Announce,18.43,LM_AN,40,2015-04-16 07:58:59,2015-04-16 07:58:59,loader,loader
943,2042,to Threaten,18.44,LM_TH,40,2015-04-16 07:58:59,2015-04-16 07:58:59,loader,loader
944,2043,to Boast,18.45,LM_BO,40,2015-04-16 07:58:59,2015-04-16 07:58:59,loader,loader
945,2044,to Write,18.51,LM_WE,40,2015-04-16 07:58:59,2015-04-16 07:58:59,loader,loader
946,2045,to Read,18.52,LM_RD,40,2015-04-16 07:58:59,2015-04-16 07:58:59,loader,loader
947,2046,Letter of the Alphabet,18.53,LM_LA,40,2015-04-16 07:58:59,2015-04-16 07:58:59,loader,loader
948,2047,"Letter, Epistle",18.54,LM_LE,40,2015-04-16 07:58:59,2015-04-16 07:58:59,loader,loader
949,2048,Tablet,18.55,LM_TB,40,2015-04-16 07:58:59,2015-04-16 07:58:59,loader,loader
950,2049,Paper,18.56,LM_PP,40,2015-04-16 07:58:59,2015-04-16 07:58:59,loader,loader
951,2050,Pen,18.57,LM_PN,40,2015-04-16 07:58:59,2015-04-16 07:58:59,loader,loader
952,2051,Ink,18.58,LM_IN,40,2015-04-16 07:58:59,2015-04-16 07:58:59,loader,loader
953,2052,Pencil,18.59,LM_PC,40,2015-04-16 07:58:59,2015-04-16 07:58:59,loader,loader
954,2053,Book,18.61,LM_BK,40,2015-04-16 07:58:59,2015-04-16 07:58:59,loader,loader
955,2054,Page,18.62,LM_PG,40,2015-04-16 07:58:59,2015-04-16 07:58:59,loader,loader
956,2055,Line (n),18.63,LM_LI,40,2015-04-16 07:58:59,2015-04-16 07:58:59,loader,loader
957,2056,to Print,18.64,LM_PT,40,2015-04-16 07:58:59,2015-04-16 07:58:59,loader,loader
958,2057,Literature,18.65,LM_LT,40,2015-04-16 07:58:59,2015-04-16 07:58:59,loader,loader
959,2058,"Author, Writer",18.66,LM_AU,40,2015-04-16 07:58:59,2015-04-16 07:58:59,loader,loader
960,2059,Poet,18.67,LM_PO,40,2015-04-16 07:58:59,2015-04-16 07:58:59,loader,loader
961,2060,"Country (""European"")",19.11,SO_EC,41,2015-04-16 07:58:59,2015-04-16 07:58:59,loader,loader
962,2061,one's Native Country,19.12,SO_NA,41,2015-04-16 07:58:59,2015-04-16 07:58:59,loader,loader
963,2062,Country (vs,19.13,SO_CT,41,2015-04-16 07:58:59,2015-04-16 07:58:59,loader,loader
964,2063,"Region, Territory",19.14,SO_RT,41,2015-04-16 07:58:59,2015-04-16 07:58:59,loader,loader
965,2064,"Town, City",19.15,SO_CI,41,2015-04-16 07:58:59,2015-04-16 07:58:59,loader,loader
966,2065,"People, Populace",19.21,SO_PP,41,2015-04-16 07:58:59,2015-04-16 07:58:59,loader,loader
967,2066,"a People, Nation",19.22,SO_PN,41,2015-04-16 07:58:59,2015-04-16 07:58:59,loader,loader
968,2067,"Tribe, Clan, Family",19.23,SO_TC,41,2015-04-16 07:58:59,2015-04-16 07:58:59,loader,loader
969,2068,"to Rule, Govern",19.31,SO_RG,41,2015-04-16 07:58:59,2015-04-16 07:58:59,loader,loader
970,2069,King,19.32,SO_KK,41,2015-04-16 07:58:59,2015-04-16 07:58:59,loader,loader
971,2070,Queen,19.33,SO_QQ,41,2015-04-16 07:58:59,2015-04-16 07:58:59,loader,loader
972,2071,Emperor,19.34,SO_EM,41,2015-04-16 07:58:59,2015-04-16 07:58:59,loader,loader
973,2072,Prince,19.35,SO_JJ,41,2015-04-16 07:58:59,2015-04-16 07:58:59,loader,loader
974,2073,Other Titles of Nobility,19.352,SO_NN,41,2015-04-16 07:58:59,2015-04-16 07:58:59,loader,loader
975,2074,"Noble, Nobleman",19.36,SO_NO,41,2015-04-16 07:58:59,2015-04-16 07:58:59,loader,loader
976,2075,Citizen,19.37,SO_CZ,41,2015-04-16 07:58:59,2015-04-16 07:58:59,loader,loader
977,2076,Subject (n),19.38,SO_SU,41,2015-04-16 07:58:59,2015-04-16 07:58:59,loader,loader
978,2077,Master,19.41,SO_MA,41,2015-04-16 07:58:59,2015-04-16 07:58:59,loader,loader
979,2078,Slave,19.42,SO_SL,41,2015-04-16 07:58:59,2015-04-16 07:58:59,loader,loader
980,2079,Servant,19.43,SO_ST,41,2015-04-16 07:58:59,2015-04-16 07:58:59,loader,loader
981,2080,Free (adj),19.44,SO_FE,41,2015-04-16 07:58:59,2015-04-16 07:58:59,loader,loader
982,2081,"to Order, Command",19.45,SO_CR,41,2015-04-16 07:58:59,2015-04-16 07:58:59,loader,loader
983,2082,to Obey,19.46,SO_OB,41,2015-04-16 07:58:59,2015-04-16 07:58:59,loader,loader
984,2083,"to Let, Permit",19.47,SO_LT,41,2015-04-16 07:58:59,2015-04-16 07:58:59,loader,loader
985,2084,to Compel,19.48,SO_CO,41,2015-04-16 07:58:59,2015-04-16 07:58:59,loader,loader
986,2085,Friend,19.51,SO_FR,41,2015-04-16 07:58:59,2015-04-16 07:58:59,loader,loader
987,2086,"Foe, Enemy",19.52,SO_EN,41,2015-04-16 07:58:59,2015-04-16 07:58:59,loader,loader
988,2087,Companion,19.53,SO_CM,41,2015-04-16 07:58:59,2015-04-16 07:58:59,loader,loader
989,2088,Neighbor,19.54,SO_NE,41,2015-04-16 07:58:59,2015-04-16 07:58:59,loader,loader
990,2089,Stranger,19.55,SO_SG,41,2015-04-16 07:58:59,2015-04-16 07:58:59,loader,loader
991,2090,Guest,19.56,SO_GU,41,2015-04-16 07:58:59,2015-04-16 07:58:59,loader,loader
992,2091,Host,19.57,SO_HO,41,2015-04-16 07:58:59,2015-04-16 07:58:59,loader,loader
993,2092,"to Help, Aid",19.58,SO_HA,41,2015-04-16 07:58:59,2015-04-16 07:58:59,loader,loader
994,2093,"to Hinder, Prevent",19.59,SO_HP,41,2015-04-16 07:58:59,2015-04-16 07:58:59,loader,loader
995,2094,"Custom, Usage",19.61,SO_CU,41,2015-04-16 07:58:59,2015-04-16 07:58:59,loader,loader
996,2095,"Strife, Quarrel",19.62,SO_SQ,41,2015-04-16 07:58:59,2015-04-16 07:58:59,loader,loader
997,2096,"Plot, Conspiracy",19.63,SO_PL,41,2015-04-16 07:58:59,2015-04-16 07:58:59,loader,loader
998,2097,Common (adj),19.64,SO_CN,41,2015-04-16 07:58:59,2015-04-16 07:58:59,loader,loader
999,2098,to Meet,19.65,SO_ME,41,2015-04-16 07:58:59,2015-04-16 07:58:59,loader,loader
1000,2099,Members of a Trade or Profession,19.71,SO_NT,41,2015-04-16 07:58:59,2015-04-16 07:58:59,loader,loader
1001,2100,"Whore, Prostitute",19.72,SO_WP,41,2015-04-16 07:58:59,2015-04-16 07:58:59,loader,loader
1002,2101,to Fight,20.11,WH_FI,42,2015-04-16 07:59:00,2015-04-16 07:59:00,loader,loader
1003,2102,Battle (n),20.12,WH_BT,42,2015-04-16 07:59:00,2015-04-16 07:59:00,loader,loader
1004,2103,War,20.13,WH_WR,42,2015-04-16 07:59:00,2015-04-16 07:59:00,loader,loader
1005,2104,Enemy (in War),20.132,WH_EN,42,2015-04-16 07:59:00,2015-04-16 07:59:00,loader,loader
1006,2105,Peace,20.14,WH_PC,42,2015-04-16 07:59:00,2015-04-16 07:59:00,loader,loader
1007,2106,Army,20.15,WH_AR,42,2015-04-16 07:59:00,2015-04-16 07:59:00,loader,loader
1008,2107,Fleet,20.16,WH_FL,42,2015-04-16 07:59:00,2015-04-16 07:59:00,loader,loader
1009,2108,Soldier,20.17,WH_SO,42,2015-04-16 07:59:00,2015-04-16 07:59:00,loader,loader
1010,2109,General,20.18,WH_GN,42,2015-04-16 07:59:00,2015-04-16 07:59:00,loader,loader
1011,2110,Admiral,20.19,WH_AD,42,2015-04-16 07:59:00,2015-04-16 07:59:00,loader,loader
1012,2111,"Arms, Weapons",20.21,WH_WA,42,2015-04-16 07:59:00,2015-04-16 07:59:00,loader,loader
1013,2112,Club,20.22,WH_CL,42,2015-04-16 07:59:00,2015-04-16 07:59:00,loader,loader
1014,2113,Battle-Ax,20.23,WH_BA,42,2015-04-16 07:59:00,2015-04-16 07:59:00,loader,loader
1015,2114,Bow,20.24,WH_BW,42,2015-04-16 07:59:00,2015-04-16 07:59:00,loader,loader
1016,2115,Arrow,20.25,WH_AW,42,2015-04-16 07:59:00,2015-04-16 07:59:00,loader,loader
1017,2116,Spear,20.26,WH_SP,42,2015-04-16 07:59:00,2015-04-16 07:59:00,loader,loader
1018,2117,Sword,20.27,WH_SW,42,2015-04-16 07:59:00,2015-04-16 07:59:00,loader,loader
1019,2118,"Gun, Cannon",20.28,WH_GC,42,2015-04-16 07:59:00,2015-04-16 07:59:00,loader,loader
1020,2119,Gunpowder,20.29,WH_GP,42,2015-04-16 07:59:00,2015-04-16 07:59:00,loader,loader
1021,2120,Armor,20.31,WH_AM,42,2015-04-16 07:59:00,2015-04-16 07:59:00,loader,loader
1022,2121,"Corslet, Breastplate",20.32,WH_BC,42,2015-04-16 07:59:00,2015-04-16 07:59:00,loader,loader
1023,2122,Helmet,20.33,WH_HM,42,2015-04-16 07:59:00,2015-04-16 07:59:00,loader,loader
1024,2123,Shield,20.34,WH_SH,42,2015-04-16 07:59:00,2015-04-16 07:59:00,loader,loader
1025,2124,Fortress,20.35,WH_FT,42,2015-04-16 07:59:00,2015-04-16 07:59:00,loader,loader
1026,2125,Tower,20.36,WH_TW,42,2015-04-16 07:59:00,2015-04-16 07:59:00,loader,loader
1027,2126,Victory,20.41,WH_VI,42,2015-04-16 07:59:00,2015-04-16 07:59:00,loader,loader
1028,2127,Defeat (n),20.42,WH_DF,42,2015-04-16 07:59:00,2015-04-16 07:59:00,loader,loader
1029,2128,Attack (n),20.43,WH_AT,42,2015-04-16 07:59:00,2015-04-16 07:59:00,loader,loader
1030,2129,Defense,20.44,WH_DS,42,2015-04-16 07:59:00,2015-04-16 07:59:00,loader,loader
1031,2130,Retreat (n),20.45,WH_RT,42,2015-04-16 07:59:00,2015-04-16 07:59:00,loader,loader
1032,2131,to Surrender,20.46,WH_SU,42,2015-04-16 07:59:00,2015-04-16 07:59:00,loader,loader
1033,2132,"Captive, Prisoner",20.47,WH_CP,42,2015-04-16 07:59:00,2015-04-16 07:59:00,loader,loader
1034,2133,"Spoils, Booty",20.48,WH_BS,42,2015-04-16 07:59:00,2015-04-16 07:59:00,loader,loader
1035,2134,Ambush (n),20.49,WH_AB,42,2015-04-16 07:59:00,2015-04-16 07:59:00,loader,loader
1036,2135,Special Law,21.11,LJ_SL,43,2015-04-16 07:59:00,2015-04-16 07:59:00,loader,loader
1037,2136,General Law,21.12,LJ_GL,43,2015-04-16 07:59:00,2015-04-16 07:59:00,loader,loader
1038,2137,Lawsuit,21.13,LJ_LS,43,2015-04-16 07:59:00,2015-04-16 07:59:00,loader,loader
1039,2138,Lawyer,21.14,LJ_LW,43,2015-04-16 07:59:00,2015-04-16 07:59:00,loader,loader
1040,2139,Court,21.15,LJ_CO,43,2015-04-16 07:59:00,2015-04-16 07:59:00,loader,loader
1041,2140,to Judge,21.16,LJ_JG,43,2015-04-16 07:59:00,2015-04-16 07:59:00,loader,loader
1042,2141,to Decide,21.162,LJ_DE,43,2015-04-16 07:59:00,2015-04-16 07:59:00,loader,loader
1043,2142,Judgment,21.17,LJ_JM,43,2015-04-16 07:59:00,2015-04-16 07:59:00,loader,loader
1044,2143,Judge (n),21.18,LJ_JD,43,2015-04-16 07:59:00,2015-04-16 07:59:00,loader,loader
1045,2144,Plaintiff,21.21,LJ_PL,43,2015-04-16 07:59:00,2015-04-16 07:59:00,loader,loader
1046,2145,Defendant,21.22,LJ_DF,43,2015-04-16 07:59:00,2015-04-16 07:59:00,loader,loader
1047,2146,Witness (n),21.23,LJ_WT,43,2015-04-16 07:59:00,2015-04-16 07:59:00,loader,loader
1048,2147,to Swear,21.24,LJ_SW,43,2015-04-16 07:59:00,2015-04-16 07:59:00,loader,loader
1049,2148,Oath,21.25,LJ_OA,43,2015-04-16 07:59:00,2015-04-16 07:59:00,loader,loader
1050,2149,to Accuse,21.31,LJ_AC,43,2015-04-16 07:59:00,2015-04-16 07:59:00,loader,loader
1051,2150,to Condemn,21.32,LJ_CN,43,2015-04-16 07:59:00,2015-04-16 07:59:00,loader,loader
1052,2151,to Convict,21.33,LJ_CV,43,2015-04-16 07:59:00,2015-04-16 07:59:00,loader,loader
1053,2152,to Acquit,21.34,LJ_AQ,43,2015-04-16 07:59:00,2015-04-16 07:59:00,loader,loader
1054,2153,Guilty,21.35,LJ_GU,43,2015-04-16 07:59:00,2015-04-16 07:59:00,loader,loader
1055,2154,Innocent,21.36,LJ_IN,43,2015-04-16 07:59:00,2015-04-16 07:59:00,loader,loader
1056,2155,"Penalty, Punishment",21.37,LJ_PN,43,2015-04-16 07:59:00,2015-04-16 07:59:00,loader,loader
1057,2156,"Fine, Settlement",21.38,LJ_FI,43,2015-04-16 07:59:00,2015-04-16 07:59:00,loader,loader
1058,2157,"Jail, Prison",21.39,LJ_PJ,43,2015-04-16 07:59:00,2015-04-16 07:59:00,loader,loader
1059,2158,"Crime, Misdeed",21.41,LJ_CR,43,2015-04-16 07:59:00,2015-04-16 07:59:00,loader,loader
1060,2159,"Murder, Homicide",21.42,LJ_MR,43,2015-04-16 07:59:00,2015-04-16 07:59:00,loader,loader
1061,2160,Adultery,21.43,LJ_AD,43,2015-04-16 07:59:00,2015-04-16 07:59:00,loader,loader
1062,2161,"Rape, Violation",21.44,LJ_RP,43,2015-04-16 07:59:00,2015-04-16 07:59:00,loader,loader
1063,2162,Theft,21.45,LJ_TH,43,2015-04-16 07:59:00,2015-04-16 07:59:00,loader,loader
1064,2163,Arson,21.46,LJ_AR,43,2015-04-16 07:59:00,2015-04-16 07:59:00,loader,loader
1065,2164,Perjury,21.47,LJ_PY,43,2015-04-16 07:59:00,2015-04-16 07:59:00,loader,loader
1066,2165,Religion,22.11,RB_RE,44,2015-04-16 07:59:00,2015-04-16 07:59:00,loader,loader
1067,2166,God,22.12,RB_GD,44,2015-04-16 07:59:00,2015-04-16 07:59:00,loader,loader
1068,2167,Temple,22.13,RB_TM,44,2015-04-16 07:59:00,2015-04-16 07:59:00,loader,loader
1069,2168,Altar,22.14,RB_AL,44,2015-04-16 07:59:00,2015-04-16 07:59:00,loader,loader
1070,2169,"Sacrifice, Offering",22.15,RB_SO,44,2015-04-16 07:59:00,2015-04-16 07:59:00,loader,loader
1071,2170,to Worship,22.16,RB_WO,44,2015-04-16 07:59:00,2015-04-16 07:59:00,loader,loader
1072,2171,to Pray,22.17,RB_PY,44,2015-04-16 07:59:00,2015-04-16 07:59:00,loader,loader
1073,2172,Priest,22.18,RB_PR,44,2015-04-16 07:59:00,2015-04-16 07:59:00,loader,loader
1074,2173,"Parson, Minister, Clergyman etc",22.182,RB_CL,44,2015-04-16 07:59:00,2015-04-16 07:59:00,loader,loader
1075,2174,Monk,22.183,RB_MO,44,2015-04-16 07:59:00,2015-04-16 07:59:00,loader,loader
1076,2175,Nun,22.184,RB_NU,44,2015-04-16 07:59:00,2015-04-16 07:59:00,loader,loader
1077,2176,"Holy, Sacred",22.19,RB_HS,44,2015-04-16 07:59:00,2015-04-16 07:59:00,loader,loader
1078,2177,Church,22.21,RB_CH,44,2015-04-16 07:59:00,2015-04-16 07:59:00,loader,loader
1079,2178,to Preach,22.22,RB_PC,44,2015-04-16 07:59:00,2015-04-16 07:59:00,loader,loader
1080,2179,to Bless,22.23,RB_BL,44,2015-04-16 07:59:00,2015-04-16 07:59:00,loader,loader
1081,2180,to Curse,22.24,RB_CU,44,2015-04-16 07:59:00,2015-04-16 07:59:00,loader,loader
1082,2181,to Baptize,22.25,RB_BP,44,2015-04-16 07:59:00,2015-04-16 07:59:00,loader,loader
1083,2182,to Fast,22.26,RB_FA,44,2015-04-16 07:59:00,2015-04-16 07:59:00,loader,loader
1084,2183,Heaven,22.31,RB_HE,44,2015-04-16 07:59:00,2015-04-16 07:59:00,loader,loader
1085,2184,Hell,22.32,RB_HL,44,2015-04-16 07:59:00,2015-04-16 07:59:00,loader,loader
1086,2185,Angel,22.33,RB_AN,44,2015-04-16 07:59:00,2015-04-16 07:59:00,loader,loader
1087,2186,Devil,22.34,RB_DE,44,2015-04-16 07:59:00,2015-04-16 07:59:00,loader,loader
1088,2187,"Demon, Evil Spirit",22.35,RB_DM,44,2015-04-16 07:59:00,2015-04-16 07:59:00,loader,loader
1089,2188,"Pagan, Heathen (n)",22.36,RB_PH,44,2015-04-16 07:59:00,2015-04-16 07:59:00,loader,loader
1090,2189,Idol,22.37,RB_ID,44,2015-04-16 07:59:00,2015-04-16 07:59:00,loader,loader
1091,2190,Superstition,22.41,RB_SS,44,2015-04-16 07:59:00,2015-04-16 07:59:00,loader,loader
1092,2191,"Magic, Witchcraft, Sorcery",22.42,RB_MW,44,2015-04-16 07:59:00,2015-04-16 07:59:00,loader,loader
1093,2192,"Witch, Sorceress",22.43,RB_WS,44,2015-04-16 07:59:00,2015-04-16 07:59:00,loader,loader
1094,2193,"Elf, Nymph, Fairy",22.44,RB_FR,44,2015-04-16 07:59:00,2015-04-16 07:59:00,loader,loader
1095,2194,"Ghost, Specter, Phantom",22.45,RB_GP,44,2015-04-16 07:59:00,2015-04-16 07:59:00,loader,loader
1096,2195,Guardian Spirit,22.46,RB_GS,44,2015-04-16 07:59:00,2015-04-16 07:59:00,loader,loader
1097,2196,Omen,22.47,RB_OM,44,2015-04-16 07:59:00,2015-04-16 07:59:00,loader,loader
