,id,from_etyma_id,to_etyma_id,created_at,updated_at
0,1,2224,2319,2015-04-16 09:21:12,2015-04-16 09:21:12
1,2,2226,2227,2015-04-16 09:21:12,2015-04-16 09:21:12
2,3,2227,2226,2015-04-16 09:21:12,2015-04-16 09:21:12
3,4,2229,2230,2015-04-16 09:21:12,2015-04-16 09:21:12
4,5,2230,2229,2015-04-16 09:21:12,2015-04-16 09:21:12
5,6,2233,2242,2015-04-16 09:21:12,2015-04-16 09:21:12
6,7,2234,2254,2015-04-16 09:21:12,2015-04-16 09:21:12
7,8,2237,2238,2015-04-16 09:21:12,2015-04-16 09:21:12
8,9,2238,2237,2015-04-16 09:21:12,2015-04-16 09:21:12
9,10,2242,2233,2015-04-16 09:21:12,2015-04-16 09:21:12
10,11,2245,2261,2015-04-16 09:21:12,2015-04-16 09:21:12
11,12,2249,2252,2015-04-16 09:21:12,2015-04-16 09:21:12
12,13,2251,3632,2015-04-16 09:21:12,2015-04-16 09:21:12
13,14,2252,2253,2015-04-16 09:21:12,2015-04-16 09:21:12
14,15,2253,2262,2015-04-16 09:21:12,2015-04-16 09:21:12
15,16,2254,2234,2015-04-16 09:21:12,2015-04-16 09:21:12
16,17,2261,2245,2015-04-16 09:21:12,2015-04-16 09:21:12
17,18,2262,2266,2015-04-16 09:21:12,2015-04-16 09:21:12
18,19,2266,2267,2015-04-16 09:21:12,2015-04-16 09:21:12
19,20,2267,2249,2015-04-16 09:21:12,2015-04-16 09:21:12
20,21,2270,3636,2015-04-16 09:21:12,2015-04-16 09:21:12
21,22,2272,2538,2015-04-16 09:21:12,2015-04-16 09:21:12
22,23,2275,2338,2015-04-16 09:21:12,2015-04-16 09:21:12
23,24,2282,2283,2015-04-16 09:21:12,2015-04-16 09:21:12
24,25,2283,2684,2015-04-16 09:21:12,2015-04-16 09:21:12
25,26,2285,2334,2015-04-16 09:21:12,2015-04-16 09:21:12
26,27,2291,2662,2015-04-16 09:21:12,2015-04-16 09:21:12
27,28,2292,3455,2015-04-16 09:21:12,2015-04-16 09:21:12
28,29,2293,3456,2015-04-16 09:21:12,2015-04-16 09:21:12
29,30,2296,3642,2015-04-16 09:21:12,2015-04-16 09:21:12
30,31,2300,2315,2015-04-16 09:21:12,2015-04-16 09:21:12
31,32,2305,2747,2015-04-16 09:21:12,2015-04-16 09:21:12
32,33,2307,2365,2015-04-16 09:21:12,2015-04-16 09:21:12
33,34,2309,2670,2015-04-16 09:21:12,2015-04-16 09:21:12
34,35,2310,3594,2015-04-16 09:21:12,2015-04-16 09:21:12
35,36,2315,2317,2015-04-16 09:21:12,2015-04-16 09:21:12
36,37,2317,2300,2015-04-16 09:21:12,2015-04-16 09:21:12
37,38,2319,4372,2015-04-16 09:21:12,2015-04-16 09:21:12
38,39,2321,3672,2015-04-16 09:21:12,2015-04-16 09:21:12
39,40,2324,3770,2015-04-16 09:21:12,2015-04-16 09:21:12
40,41,2327,3802,2015-04-16 09:21:12,2015-04-16 09:21:12
41,42,2328,3824,2015-04-16 09:21:12,2015-04-16 09:21:12
42,43,2330,3652,2015-04-16 09:21:12,2015-04-16 09:21:12
43,44,2331,2337,2015-04-16 09:21:12,2015-04-16 09:21:12
44,45,2333,2722,2015-04-16 09:21:12,2015-04-16 09:21:12
45,46,2334,2336,2015-04-16 09:21:12,2015-04-16 09:21:12
46,47,2335,2737,2015-04-16 09:21:12,2015-04-16 09:21:12
47,48,2336,2285,2015-04-16 09:21:12,2015-04-16 09:21:12
48,49,2337,2331,2015-04-16 09:21:12,2015-04-16 09:21:12
49,50,2338,2275,2015-04-16 09:21:12,2015-04-16 09:21:12
50,51,2344,3659,2015-04-16 09:21:12,2015-04-16 09:21:12
51,52,2346,2749,2015-04-16 09:21:12,2015-04-16 09:21:12
52,53,2348,4245,2015-04-16 09:21:12,2015-04-16 09:21:12
53,54,2351,4406,2015-04-16 09:21:12,2015-04-16 09:21:12
54,55,2352,4319,2015-04-16 09:21:12,2015-04-16 09:21:12
55,56,2353,4289,2015-04-16 09:21:12,2015-04-16 09:21:12
56,57,2354,4317,2015-04-16 09:21:12,2015-04-16 09:21:12
57,58,2358,4393,2015-04-16 09:21:12,2015-04-16 09:21:12
58,59,2359,4318,2015-04-16 09:21:12,2015-04-16 09:21:12
59,60,2361,4328,2015-04-16 09:21:12,2015-04-16 09:21:12
60,61,2362,3661,2015-04-16 09:21:12,2015-04-16 09:21:12
61,62,2363,2756,2015-04-16 09:21:12,2015-04-16 09:21:12
62,63,2365,4425,2015-04-16 09:21:12,2015-04-16 09:21:12
63,64,2371,2379,2015-04-16 09:21:12,2015-04-16 09:21:12
64,65,2372,2377,2015-04-16 09:21:12,2015-04-16 09:21:12
65,66,2377,2381,2015-04-16 09:21:13,2015-04-16 09:21:13
66,67,2379,3671,2015-04-16 09:21:13,2015-04-16 09:21:13
67,68,2381,2393,2015-04-16 09:21:13,2015-04-16 09:21:13
68,69,2391,3678,2015-04-16 09:21:13,2015-04-16 09:21:13
69,70,2393,2394,2015-04-16 09:21:13,2015-04-16 09:21:13
70,71,2394,2441,2015-04-16 09:21:13,2015-04-16 09:21:13
71,72,2401,2420,2015-04-16 09:21:13,2015-04-16 09:21:13
72,73,2406,2505,2015-04-16 09:21:13,2015-04-16 09:21:13
73,74,2408,2501,2015-04-16 09:21:13,2015-04-16 09:21:13
74,75,2410,2412,2015-04-16 09:21:13,2015-04-16 09:21:13
75,76,2412,2413,2015-04-16 09:21:13,2015-04-16 09:21:13
76,77,2413,2415,2015-04-16 09:21:13,2015-04-16 09:21:13
77,78,2415,2410,2015-04-16 09:21:13,2015-04-16 09:21:13
78,79,2418,2419,2015-04-16 09:21:13,2015-04-16 09:21:13
79,80,2419,2418,2015-04-16 09:21:13,2015-04-16 09:21:13
80,81,2420,2401,2015-04-16 09:21:13,2015-04-16 09:21:13
81,82,2424,2455,2015-04-16 09:21:13,2015-04-16 09:21:13
82,83,2427,2500,2015-04-16 09:21:13,2015-04-16 09:21:13
83,84,2431,2434,2015-04-16 09:21:13,2015-04-16 09:21:13
84,85,2433,2477,2015-04-16 09:21:13,2015-04-16 09:21:13
85,86,2434,2431,2015-04-16 09:21:13,2015-04-16 09:21:13
86,87,2436,2437,2015-04-16 09:21:13,2015-04-16 09:21:13
87,88,2437,2444,2015-04-16 09:21:13,2015-04-16 09:21:13
88,89,2438,2485,2015-04-16 09:21:13,2015-04-16 09:21:13
89,90,2441,2481,2015-04-16 09:21:13,2015-04-16 09:21:13
90,91,2444,2488,2015-04-16 09:21:13,2015-04-16 09:21:13
91,92,2445,2492,2015-04-16 09:21:13,2015-04-16 09:21:13
92,93,2451,2515,2015-04-16 09:21:13,2015-04-16 09:21:13
93,94,2452,2466,2015-04-16 09:21:13,2015-04-16 09:21:13
94,95,2453,2514,2015-04-16 09:21:13,2015-04-16 09:21:13
95,96,2454,2459,2015-04-16 09:21:13,2015-04-16 09:21:13
96,97,2455,2460,2015-04-16 09:21:13,2015-04-16 09:21:13
97,98,2459,2464,2015-04-16 09:21:13,2015-04-16 09:21:13
98,99,2460,2462,2015-04-16 09:21:13,2015-04-16 09:21:13
99,100,2461,2467,2015-04-16 09:21:13,2015-04-16 09:21:13
100,101,2462,2424,2015-04-16 09:21:13,2015-04-16 09:21:13
101,102,2464,2499,2015-04-16 09:21:13,2015-04-16 09:21:13
102,103,2466,2509,2015-04-16 09:21:13,2015-04-16 09:21:13
103,104,2467,2461,2015-04-16 09:21:13,2015-04-16 09:21:13
104,105,2469,2506,2015-04-16 09:21:13,2015-04-16 09:21:13
105,106,2470,3717,2015-04-16 09:21:13,2015-04-16 09:21:13
106,107,2477,2433,2015-04-16 09:21:13,2015-04-16 09:21:13
107,108,2481,2482,2015-04-16 09:21:13,2015-04-16 09:21:13
108,109,2482,2372,2015-04-16 09:21:13,2015-04-16 09:21:13
109,110,2484,2486,2015-04-16 09:21:13,2015-04-16 09:21:13
110,111,2485,2490,2015-04-16 09:21:13,2015-04-16 09:21:13
111,112,2486,2487,2015-04-16 09:21:13,2015-04-16 09:21:13
112,113,2487,2496,2015-04-16 09:21:13,2015-04-16 09:21:13
113,114,2488,2489,2015-04-16 09:21:13,2015-04-16 09:21:13
114,115,2489,2491,2015-04-16 09:21:13,2015-04-16 09:21:13
115,116,2490,2438,2015-04-16 09:21:13,2015-04-16 09:21:13
116,117,2491,2493,2015-04-16 09:21:13,2015-04-16 09:21:13
117,118,2492,2495,2015-04-16 09:21:13,2015-04-16 09:21:13
118,119,2493,2494,2015-04-16 09:21:13,2015-04-16 09:21:13
119,120,2494,2436,2015-04-16 09:21:13,2015-04-16 09:21:13
120,121,2495,2445,2015-04-16 09:21:13,2015-04-16 09:21:13
121,122,2496,2484,2015-04-16 09:21:13,2015-04-16 09:21:13
122,123,2499,2454,2015-04-16 09:21:13,2015-04-16 09:21:13
123,124,2500,2427,2015-04-16 09:21:13,2015-04-16 09:21:13
124,125,2501,2408,2015-04-16 09:21:13,2015-04-16 09:21:13
125,126,2505,2406,2015-04-16 09:21:13,2015-04-16 09:21:13
126,127,2506,2469,2015-04-16 09:21:13,2015-04-16 09:21:13
127,128,2509,2452,2015-04-16 09:21:13,2015-04-16 09:21:13
128,129,2512,2518,2015-04-16 09:21:13,2015-04-16 09:21:13
129,130,2514,2522,2015-04-16 09:21:13,2015-04-16 09:21:13
130,131,2515,2516,2015-04-16 09:21:13,2015-04-16 09:21:13
131,132,2516,2517,2015-04-16 09:21:13,2015-04-16 09:21:13
132,133,2517,2523,2015-04-16 09:21:13,2015-04-16 09:21:13
133,134,2518,2520,2015-04-16 09:21:13,2015-04-16 09:21:13
134,135,2520,2512,2015-04-16 09:21:13,2015-04-16 09:21:13
135,136,2521,2525,2015-04-16 09:21:13,2015-04-16 09:21:13
136,137,2522,2524,2015-04-16 09:21:13,2015-04-16 09:21:13
137,138,2523,2451,2015-04-16 09:21:13,2015-04-16 09:21:13
138,139,2524,2526,2015-04-16 09:21:13,2015-04-16 09:21:13
139,140,2525,2532,2015-04-16 09:21:13,2015-04-16 09:21:13
140,141,2526,2528,2015-04-16 09:21:13,2015-04-16 09:21:13
141,142,2528,2453,2015-04-16 09:21:13,2015-04-16 09:21:13
142,143,2532,2521,2015-04-16 09:21:13,2015-04-16 09:21:13
143,144,2536,2553,2015-04-16 09:21:13,2015-04-16 09:21:13
144,145,2538,2272,2015-04-16 09:21:13,2015-04-16 09:21:13
145,146,2540,2579,2015-04-16 09:21:13,2015-04-16 09:21:13
146,147,2548,2573,2015-04-16 09:21:13,2015-04-16 09:21:13
147,148,2549,2559,2015-04-16 09:21:13,2015-04-16 09:21:13
148,149,2550,4423,2015-04-16 09:21:13,2015-04-16 09:21:13
149,150,2553,2592,2015-04-16 09:21:13,2015-04-16 09:21:13
150,151,2559,2549,2015-04-16 09:21:13,2015-04-16 09:21:13
151,152,2560,2561,2015-04-16 09:21:13,2015-04-16 09:21:13
152,153,2561,2560,2015-04-16 09:21:13,2015-04-16 09:21:13
153,154,2563,2566,2015-04-16 09:21:13,2015-04-16 09:21:13
154,155,2564,2622,2015-04-16 09:21:13,2015-04-16 09:21:13
155,156,2566,2563,2015-04-16 09:21:13,2015-04-16 09:21:13
156,157,2568,2571,2015-04-16 09:21:13,2015-04-16 09:21:13
157,158,2571,2568,2015-04-16 09:21:13,2015-04-16 09:21:13
158,159,2573,2548,2015-04-16 09:21:13,2015-04-16 09:21:13
159,160,2579,2770,2015-04-16 09:21:13,2015-04-16 09:21:13
160,161,2591,2952,2015-04-16 09:21:13,2015-04-16 09:21:13
161,162,2592,2536,2015-04-16 09:21:13,2015-04-16 09:21:13
162,163,2594,2608,2015-04-16 09:21:13,2015-04-16 09:21:13
163,164,2597,2603,2015-04-16 09:21:13,2015-04-16 09:21:13
164,165,2598,4338,2015-04-16 09:21:13,2015-04-16 09:21:13
165,166,2601,2614,2015-04-16 09:21:13,2015-04-16 09:21:13
166,167,2603,2597,2015-04-16 09:21:13,2015-04-16 09:21:13
167,168,2608,2594,2015-04-16 09:21:13,2015-04-16 09:21:13
168,169,2614,2636,2015-04-16 09:21:13,2015-04-16 09:21:13
169,170,2620,2623,2015-04-16 09:21:13,2015-04-16 09:21:13
170,171,2622,2564,2015-04-16 09:21:13,2015-04-16 09:21:13
171,172,2623,2624,2015-04-16 09:21:13,2015-04-16 09:21:13
172,173,2624,2620,2015-04-16 09:21:13,2015-04-16 09:21:13
173,174,2625,2645,2015-04-16 09:21:13,2015-04-16 09:21:13
174,175,2635,2638,2015-04-16 09:21:13,2015-04-16 09:21:13
175,176,2636,2601,2015-04-16 09:21:13,2015-04-16 09:21:13
176,177,2638,2635,2015-04-16 09:21:13,2015-04-16 09:21:13
177,178,2645,4231,2015-04-16 09:21:13,2015-04-16 09:21:13
178,179,2659,3623,2015-04-16 09:21:13,2015-04-16 09:21:13
179,180,2660,3624,2015-04-16 09:21:13,2015-04-16 09:21:13
180,181,2661,2990,2015-04-16 09:21:13,2015-04-16 09:21:13
181,182,2662,2714,2015-04-16 09:21:13,2015-04-16 09:21:13
182,183,2668,3453,2015-04-16 09:21:13,2015-04-16 09:21:13
183,184,2670,2309,2015-04-16 09:21:13,2015-04-16 09:21:13
184,185,2674,2987,2015-04-16 09:21:13,2015-04-16 09:21:13
185,186,2675,3634,2015-04-16 09:21:14,2015-04-16 09:21:14
186,187,2678,2994,2015-04-16 09:21:14,2015-04-16 09:21:14
187,188,2684,2687,2015-04-16 09:21:14,2015-04-16 09:21:14
188,189,2685,3359,2015-04-16 09:21:14,2015-04-16 09:21:14
189,190,2687,4293,2015-04-16 09:21:14,2015-04-16 09:21:14
190,191,2689,3413,2015-04-16 09:21:14,2015-04-16 09:21:14
191,192,2690,2695,2015-04-16 09:21:14,2015-04-16 09:21:14
192,193,2691,3358,2015-04-16 09:21:14,2015-04-16 09:21:14
193,194,2695,2690,2015-04-16 09:21:14,2015-04-16 09:21:14
194,195,2699,3588,2015-04-16 09:21:14,2015-04-16 09:21:14
195,196,2703,3581,2015-04-16 09:21:14,2015-04-16 09:21:14
196,197,2706,3611,2015-04-16 09:21:14,2015-04-16 09:21:14
197,198,2708,3578,2015-04-16 09:21:14,2015-04-16 09:21:14
198,199,2709,3617,2015-04-16 09:21:14,2015-04-16 09:21:14
199,200,2714,3626,2015-04-16 09:21:14,2015-04-16 09:21:14
200,201,2720,2732,2015-04-16 09:21:14,2015-04-16 09:21:14
201,202,2722,3803,2015-04-16 09:21:14,2015-04-16 09:21:14
202,203,2724,3817,2015-04-16 09:21:14,2015-04-16 09:21:14
203,204,2725,3810,2015-04-16 09:21:14,2015-04-16 09:21:14
204,205,2730,3845,2015-04-16 09:21:14,2015-04-16 09:21:14
205,206,2731,3851,2015-04-16 09:21:14,2015-04-16 09:21:14
206,207,2732,2738,2015-04-16 09:21:14,2015-04-16 09:21:14
207,208,2733,3804,2015-04-16 09:21:14,2015-04-16 09:21:14
208,209,2734,3805,2015-04-16 09:21:14,2015-04-16 09:21:14
209,210,2737,2335,2015-04-16 09:21:14,2015-04-16 09:21:14
210,211,2738,3808,2015-04-16 09:21:14,2015-04-16 09:21:14
211,212,2741,3612,2015-04-16 09:21:14,2015-04-16 09:21:14
212,213,2747,2305,2015-04-16 09:21:14,2015-04-16 09:21:14
213,214,2749,2346,2015-04-16 09:21:14,2015-04-16 09:21:14
214,215,2750,4312,2015-04-16 09:21:14,2015-04-16 09:21:14
215,216,2756,4415,2015-04-16 09:21:14,2015-04-16 09:21:14
216,217,2761,2858,2015-04-16 09:21:14,2015-04-16 09:21:14
217,218,2765,2797,2015-04-16 09:21:14,2015-04-16 09:21:14
218,219,2768,2769,2015-04-16 09:21:14,2015-04-16 09:21:14
219,220,2769,2768,2015-04-16 09:21:14,2015-04-16 09:21:14
220,221,2770,2540,2015-04-16 09:21:14,2015-04-16 09:21:14
221,222,2781,2811,2015-04-16 09:21:14,2015-04-16 09:21:14
222,223,2785,2795,2015-04-16 09:21:14,2015-04-16 09:21:14
223,224,2787,3130,2015-04-16 09:21:14,2015-04-16 09:21:14
224,225,2795,2785,2015-04-16 09:21:14,2015-04-16 09:21:14
225,226,2797,2943,2015-04-16 09:21:14,2015-04-16 09:21:14
226,227,2801,2818,2015-04-16 09:21:14,2015-04-16 09:21:14
227,228,2803,2816,2015-04-16 09:21:14,2015-04-16 09:21:14
228,229,2811,2781,2015-04-16 09:21:14,2015-04-16 09:21:14
229,230,2816,2803,2015-04-16 09:21:14,2015-04-16 09:21:14
230,231,2818,2819,2015-04-16 09:21:14,2015-04-16 09:21:14
231,232,2819,2801,2015-04-16 09:21:14,2015-04-16 09:21:14
232,233,2824,2875,2015-04-16 09:21:14,2015-04-16 09:21:14
233,234,2826,2836,2015-04-16 09:21:14,2015-04-16 09:21:14
234,235,2836,2837,2015-04-16 09:21:14,2015-04-16 09:21:14
235,236,2837,2846,2015-04-16 09:21:14,2015-04-16 09:21:14
236,237,2845,2902,2015-04-16 09:21:14,2015-04-16 09:21:14
237,238,2846,2847,2015-04-16 09:21:14,2015-04-16 09:21:14
238,239,2847,2826,2015-04-16 09:21:14,2015-04-16 09:21:14
239,240,2853,2895,2015-04-16 09:21:14,2015-04-16 09:21:14
240,241,2855,2856,2015-04-16 09:21:14,2015-04-16 09:21:14
241,242,2856,2855,2015-04-16 09:21:14,2015-04-16 09:21:14
242,243,2858,3105,2015-04-16 09:21:14,2015-04-16 09:21:14
243,244,2859,2899,2015-04-16 09:21:14,2015-04-16 09:21:14
244,245,2874,2900,2015-04-16 09:21:14,2015-04-16 09:21:14
245,246,2875,2914,2015-04-16 09:21:14,2015-04-16 09:21:14
246,247,2876,2883,2015-04-16 09:21:14,2015-04-16 09:21:14
247,248,2878,2889,2015-04-16 09:21:14,2015-04-16 09:21:14
248,249,2880,2884,2015-04-16 09:21:14,2015-04-16 09:21:14
249,250,2883,2887,2015-04-16 09:21:14,2015-04-16 09:21:14
250,251,2884,2892,2015-04-16 09:21:14,2015-04-16 09:21:14
251,252,2887,2910,2015-04-16 09:21:14,2015-04-16 09:21:14
252,253,2889,2878,2015-04-16 09:21:14,2015-04-16 09:21:14
253,254,2892,2880,2015-04-16 09:21:14,2015-04-16 09:21:14
254,255,2895,2853,2015-04-16 09:21:14,2015-04-16 09:21:14
255,256,2899,2859,2015-04-16 09:21:14,2015-04-16 09:21:14
256,257,2900,2874,2015-04-16 09:21:14,2015-04-16 09:21:14
257,258,2902,4291,2015-04-16 09:21:14,2015-04-16 09:21:14
258,259,2910,2876,2015-04-16 09:21:14,2015-04-16 09:21:14
259,260,2911,2912,2015-04-16 09:21:14,2015-04-16 09:21:14
260,261,2912,2915,2015-04-16 09:21:14,2015-04-16 09:21:14
261,262,2914,2916,2015-04-16 09:21:14,2015-04-16 09:21:14
262,263,2915,2911,2015-04-16 09:21:14,2015-04-16 09:21:14
263,264,2916,2918,2015-04-16 09:21:14,2015-04-16 09:21:14
264,265,2918,2921,2015-04-16 09:21:14,2015-04-16 09:21:14
265,266,2921,2824,2015-04-16 09:21:14,2015-04-16 09:21:14
266,267,2923,2938,2015-04-16 09:21:14,2015-04-16 09:21:14
267,268,2938,2923,2015-04-16 09:21:14,2015-04-16 09:21:14
268,269,2942,2962,2015-04-16 09:21:14,2015-04-16 09:21:14
269,270,2943,2765,2015-04-16 09:21:14,2015-04-16 09:21:14
270,271,2952,2591,2015-04-16 09:21:14,2015-04-16 09:21:14
271,272,2962,2942,2015-04-16 09:21:14,2015-04-16 09:21:14
272,273,2964,3328,2015-04-16 09:21:14,2015-04-16 09:21:14
273,274,2987,3003,2015-04-16 09:21:14,2015-04-16 09:21:14
274,275,2990,2992,2015-04-16 09:21:14,2015-04-16 09:21:14
275,276,2992,3015,2015-04-16 09:21:14,2015-04-16 09:21:14
276,277,2994,2678,2015-04-16 09:21:14,2015-04-16 09:21:14
277,278,2997,2998,2015-04-16 09:21:14,2015-04-16 09:21:14
278,279,2998,2997,2015-04-16 09:21:14,2015-04-16 09:21:14
279,280,3003,2674,2015-04-16 09:21:14,2015-04-16 09:21:14
280,281,3007,3009,2015-04-16 09:21:14,2015-04-16 09:21:14
281,282,3009,3014,2015-04-16 09:21:14,2015-04-16 09:21:14
282,283,3014,3007,2015-04-16 09:21:14,2015-04-16 09:21:14
283,284,3015,3018,2015-04-16 09:21:14,2015-04-16 09:21:14
284,285,3018,3631,2015-04-16 09:21:14,2015-04-16 09:21:14
285,286,3020,4411,2015-04-16 09:21:14,2015-04-16 09:21:14
286,287,3022,3054,2015-04-16 09:21:14,2015-04-16 09:21:14
287,288,3024,3028,2015-04-16 09:21:14,2015-04-16 09:21:14
288,289,3028,3024,2015-04-16 09:21:14,2015-04-16 09:21:14
289,290,3032,3036,2015-04-16 09:21:14,2015-04-16 09:21:14
290,291,3035,3040,2015-04-16 09:21:14,2015-04-16 09:21:14
291,292,3036,3038,2015-04-16 09:21:14,2015-04-16 09:21:14
292,293,3037,3039,2015-04-16 09:21:14,2015-04-16 09:21:14
293,294,3038,3032,2015-04-16 09:21:14,2015-04-16 09:21:14
294,295,3039,3037,2015-04-16 09:21:14,2015-04-16 09:21:14
295,296,3040,3938,2015-04-16 09:21:14,2015-04-16 09:21:14
296,297,3043,3099,2015-04-16 09:21:14,2015-04-16 09:21:14
297,298,3047,3059,2015-04-16 09:21:14,2015-04-16 09:21:14
298,299,3048,3085,2015-04-16 09:21:14,2015-04-16 09:21:14
299,300,3049,3101,2015-04-16 09:21:14,2015-04-16 09:21:14
300,301,3053,3056,2015-04-16 09:21:14,2015-04-16 09:21:14
301,302,3054,3022,2015-04-16 09:21:14,2015-04-16 09:21:14
302,303,3055,3941,2015-04-16 09:21:14,2015-04-16 09:21:14
303,304,3056,3053,2015-04-16 09:21:14,2015-04-16 09:21:14
304,305,3058,3942,2015-04-16 09:21:14,2015-04-16 09:21:14
305,306,3059,3047,2015-04-16 09:21:14,2015-04-16 09:21:14
306,307,3067,3234,2015-04-16 09:21:14,2015-04-16 09:21:14
307,308,3081,3175,2015-04-16 09:21:14,2015-04-16 09:21:14
308,309,3083,3212,2015-04-16 09:21:14,2015-04-16 09:21:14
309,310,3085,3136,2015-04-16 09:21:14,2015-04-16 09:21:14
310,311,3088,3166,2015-04-16 09:21:14,2015-04-16 09:21:14
311,312,3090,3092,2015-04-16 09:21:14,2015-04-16 09:21:14
312,313,3092,3090,2015-04-16 09:21:14,2015-04-16 09:21:14
313,314,3099,3043,2015-04-16 09:21:14,2015-04-16 09:21:14
314,315,3101,3102,2015-04-16 09:21:14,2015-04-16 09:21:14
315,316,3102,3107,2015-04-16 09:21:14,2015-04-16 09:21:14
316,317,3103,3146,2015-04-16 09:21:14,2015-04-16 09:21:14
317,318,3104,3117,2015-04-16 09:21:14,2015-04-16 09:21:14
318,319,3105,3223,2015-04-16 09:21:14,2015-04-16 09:21:14
319,320,3107,3893,2015-04-16 09:21:14,2015-04-16 09:21:14
320,321,3108,3949,2015-04-16 09:21:14,2015-04-16 09:21:14
321,322,3109,3950,2015-04-16 09:21:14,2015-04-16 09:21:14
322,323,3110,3220,2015-04-16 09:21:14,2015-04-16 09:21:14
323,324,3113,3197,2015-04-16 09:21:14,2015-04-16 09:21:14
324,325,3114,3221,2015-04-16 09:21:14,2015-04-16 09:21:14
325,326,3115,3203,2015-04-16 09:21:14,2015-04-16 09:21:14
326,327,3117,3104,2015-04-16 09:21:14,2015-04-16 09:21:14
327,328,3124,3955,2015-04-16 09:21:14,2015-04-16 09:21:14
328,329,3130,2787,2015-04-16 09:21:14,2015-04-16 09:21:14
329,330,3136,3140,2015-04-16 09:21:15,2015-04-16 09:21:15
330,331,3140,3048,2015-04-16 09:21:15,2015-04-16 09:21:15
331,332,3141,3914,2015-04-16 09:21:15,2015-04-16 09:21:15
332,333,3144,3241,2015-04-16 09:21:15,2015-04-16 09:21:15
333,334,3145,3161,2015-04-16 09:21:15,2015-04-16 09:21:15
334,335,3146,3167,2015-04-16 09:21:15,2015-04-16 09:21:15
335,336,3149,3155,2015-04-16 09:21:15,2015-04-16 09:21:15
336,337,3150,3962,2015-04-16 09:21:15,2015-04-16 09:21:15
337,338,3154,3242,2015-04-16 09:21:15,2015-04-16 09:21:15
338,339,3155,3231,2015-04-16 09:21:15,2015-04-16 09:21:15
339,340,3159,3246,2015-04-16 09:21:15,2015-04-16 09:21:15
340,341,3160,3256,2015-04-16 09:21:15,2015-04-16 09:21:15
341,342,3161,3260,2015-04-16 09:21:15,2015-04-16 09:21:15
342,343,3163,3238,2015-04-16 09:21:15,2015-04-16 09:21:15
343,344,3166,3088,2015-04-16 09:21:15,2015-04-16 09:21:15
344,345,3167,3168,2015-04-16 09:21:15,2015-04-16 09:21:15
345,346,3168,3103,2015-04-16 09:21:15,2015-04-16 09:21:15
346,347,3170,3239,2015-04-16 09:21:15,2015-04-16 09:21:15
347,348,3171,3275,2015-04-16 09:21:15,2015-04-16 09:21:15
348,349,3174,3976,2015-04-16 09:21:15,2015-04-16 09:21:15
349,350,3175,3081,2015-04-16 09:21:15,2015-04-16 09:21:15
350,351,3181,3981,2015-04-16 09:21:15,2015-04-16 09:21:15
351,352,3197,3113,2015-04-16 09:21:15,2015-04-16 09:21:15
352,353,3202,3207,2015-04-16 09:21:15,2015-04-16 09:21:15
353,354,3203,3115,2015-04-16 09:21:15,2015-04-16 09:21:15
354,355,3207,3985,2015-04-16 09:21:15,2015-04-16 09:21:15
355,356,3212,3083,2015-04-16 09:21:15,2015-04-16 09:21:15
356,357,3220,3951,2015-04-16 09:21:15,2015-04-16 09:21:15
357,358,3221,3114,2015-04-16 09:21:15,2015-04-16 09:21:15
358,359,3223,3952,2015-04-16 09:21:15,2015-04-16 09:21:15
359,360,3231,3149,2015-04-16 09:21:15,2015-04-16 09:21:15
360,361,3234,3067,2015-04-16 09:21:15,2015-04-16 09:21:15
361,362,3238,3163,2015-04-16 09:21:15,2015-04-16 09:21:15
362,363,3239,3170,2015-04-16 09:21:15,2015-04-16 09:21:15
363,364,3241,3243,2015-04-16 09:21:15,2015-04-16 09:21:15
364,365,3242,3154,2015-04-16 09:21:15,2015-04-16 09:21:15
365,366,3243,3248,2015-04-16 09:21:15,2015-04-16 09:21:15
366,367,3246,3159,2015-04-16 09:21:15,2015-04-16 09:21:15
367,368,3248,3250,2015-04-16 09:21:15,2015-04-16 09:21:15
368,369,3250,3254,2015-04-16 09:21:15,2015-04-16 09:21:15
369,370,3254,3258,2015-04-16 09:21:15,2015-04-16 09:21:15
370,371,3256,3160,2015-04-16 09:21:15,2015-04-16 09:21:15
371,372,3258,3266,2015-04-16 09:21:15,2015-04-16 09:21:15
372,373,3260,3964,2015-04-16 09:21:15,2015-04-16 09:21:15
373,374,3266,3965,2015-04-16 09:21:15,2015-04-16 09:21:15
374,375,3273,3276,2015-04-16 09:21:15,2015-04-16 09:21:15
375,376,3275,3171,2015-04-16 09:21:15,2015-04-16 09:21:15
376,377,3276,3273,2015-04-16 09:21:15,2015-04-16 09:21:15
377,378,3293,3295,2015-04-16 09:21:15,2015-04-16 09:21:15
378,379,3295,3293,2015-04-16 09:21:15,2015-04-16 09:21:15
379,380,3300,3988,2015-04-16 09:21:15,2015-04-16 09:21:15
380,381,3305,3989,2015-04-16 09:21:15,2015-04-16 09:21:15
381,382,3307,3318,2015-04-16 09:21:15,2015-04-16 09:21:15
382,383,3308,3324,2015-04-16 09:21:15,2015-04-16 09:21:15
383,384,3318,3307,2015-04-16 09:21:15,2015-04-16 09:21:15
384,385,3320,3966,2015-04-16 09:21:15,2015-04-16 09:21:15
385,386,3324,3308,2015-04-16 09:21:15,2015-04-16 09:21:15
386,387,3328,2964,2015-04-16 09:21:15,2015-04-16 09:21:15
387,388,3330,3349,2015-04-16 09:21:15,2015-04-16 09:21:15
388,389,3332,3340,2015-04-16 09:21:15,2015-04-16 09:21:15
389,390,3333,3799,2015-04-16 09:21:15,2015-04-16 09:21:15
390,391,3334,3335,2015-04-16 09:21:15,2015-04-16 09:21:15
391,392,3335,3992,2015-04-16 09:21:15,2015-04-16 09:21:15
392,393,3340,3332,2015-04-16 09:21:15,2015-04-16 09:21:15
393,394,3348,4004,2015-04-16 09:21:15,2015-04-16 09:21:15
394,395,3349,3409,2015-04-16 09:21:15,2015-04-16 09:21:15
395,396,3350,3994,2015-04-16 09:21:15,2015-04-16 09:21:15
396,397,3354,3356,2015-04-16 09:21:15,2015-04-16 09:21:15
397,398,3356,3354,2015-04-16 09:21:15,2015-04-16 09:21:15
398,399,3358,3373,2015-04-16 09:21:15,2015-04-16 09:21:15
399,400,3359,3367,2015-04-16 09:21:15,2015-04-16 09:21:15
400,401,3360,3361,2015-04-16 09:21:15,2015-04-16 09:21:15
401,402,3361,3387,2015-04-16 09:21:15,2015-04-16 09:21:15
402,403,3363,3364,2015-04-16 09:21:15,2015-04-16 09:21:15
403,404,3364,3401,2015-04-16 09:21:15,2015-04-16 09:21:15
404,405,3365,3375,2015-04-16 09:21:15,2015-04-16 09:21:15
405,406,3367,3372,2015-04-16 09:21:15,2015-04-16 09:21:15
406,407,3372,3379,2015-04-16 09:21:15,2015-04-16 09:21:15
407,408,3373,2691,2015-04-16 09:21:15,2015-04-16 09:21:15
408,409,3375,3365,2015-04-16 09:21:15,2015-04-16 09:21:15
409,410,3379,2685,2015-04-16 09:21:15,2015-04-16 09:21:15
410,411,3382,3863,2015-04-16 09:21:15,2015-04-16 09:21:15
411,412,3387,3998,2015-04-16 09:21:15,2015-04-16 09:21:15
412,413,3390,3392,2015-04-16 09:21:15,2015-04-16 09:21:15
413,414,3392,3390,2015-04-16 09:21:15,2015-04-16 09:21:15
414,415,3399,3424,2015-04-16 09:21:15,2015-04-16 09:21:15
415,416,3401,3363,2015-04-16 09:21:15,2015-04-16 09:21:15
416,417,3404,3697,2015-04-16 09:21:15,2015-04-16 09:21:15
417,418,3405,3415,2015-04-16 09:21:15,2015-04-16 09:21:15
418,419,3406,3420,2015-04-16 09:21:15,2015-04-16 09:21:15
419,420,3409,3330,2015-04-16 09:21:15,2015-04-16 09:21:15
420,421,3413,2689,2015-04-16 09:21:15,2015-04-16 09:21:15
421,422,3415,3405,2015-04-16 09:21:15,2015-04-16 09:21:15
422,423,3420,3406,2015-04-16 09:21:15,2015-04-16 09:21:15
423,424,3424,3399,2015-04-16 09:21:15,2015-04-16 09:21:15
424,425,3429,3450,2015-04-16 09:21:15,2015-04-16 09:21:15
425,426,3433,3439,2015-04-16 09:21:15,2015-04-16 09:21:15
426,427,3439,3511,2015-04-16 09:21:15,2015-04-16 09:21:15
427,428,3444,3507,2015-04-16 09:21:15,2015-04-16 09:21:15
428,429,3450,3429,2015-04-16 09:21:15,2015-04-16 09:21:15
429,430,3453,2668,2015-04-16 09:21:15,2015-04-16 09:21:15
430,431,3454,3462,2015-04-16 09:21:15,2015-04-16 09:21:15
431,432,3455,2292,2015-04-16 09:21:15,2015-04-16 09:21:15
432,433,3456,3533,2015-04-16 09:21:15,2015-04-16 09:21:15
433,434,3457,3460,2015-04-16 09:21:15,2015-04-16 09:21:15
434,435,3460,3514,2015-04-16 09:21:15,2015-04-16 09:21:15
435,436,3462,3454,2015-04-16 09:21:15,2015-04-16 09:21:15
436,437,3466,3469,2015-04-16 09:21:15,2015-04-16 09:21:15
437,438,3467,3475,2015-04-16 09:21:15,2015-04-16 09:21:15
438,439,3469,3466,2015-04-16 09:21:15,2015-04-16 09:21:15
439,440,3471,3481,2015-04-16 09:21:15,2015-04-16 09:21:15
440,441,3473,3478,2015-04-16 09:21:15,2015-04-16 09:21:15
441,442,3475,3476,2015-04-16 09:21:15,2015-04-16 09:21:15
442,443,3476,3480,2015-04-16 09:21:15,2015-04-16 09:21:15
443,444,3478,3473,2015-04-16 09:21:15,2015-04-16 09:21:15
444,445,3480,3467,2015-04-16 09:21:15,2015-04-16 09:21:15
445,446,3481,3563,2015-04-16 09:21:15,2015-04-16 09:21:15
446,447,3485,3493,2015-04-16 09:21:15,2015-04-16 09:21:15
447,448,3487,4019,2015-04-16 09:21:15,2015-04-16 09:21:15
448,449,3492,3495,2015-04-16 09:21:15,2015-04-16 09:21:15
449,450,3493,3485,2015-04-16 09:21:15,2015-04-16 09:21:15
450,451,3495,3492,2015-04-16 09:21:15,2015-04-16 09:21:15
451,452,3502,3516,2015-04-16 09:21:15,2015-04-16 09:21:15
452,453,3504,3506,2015-04-16 09:21:15,2015-04-16 09:21:15
453,454,3505,3513,2015-04-16 09:21:15,2015-04-16 09:21:15
454,455,3506,3504,2015-04-16 09:21:15,2015-04-16 09:21:15
455,456,3507,3444,2015-04-16 09:21:15,2015-04-16 09:21:15
456,457,3511,3433,2015-04-16 09:21:15,2015-04-16 09:21:15
457,458,3513,3505,2015-04-16 09:21:15,2015-04-16 09:21:15
458,459,3514,3457,2015-04-16 09:21:15,2015-04-16 09:21:15
459,460,3516,3550,2015-04-16 09:21:15,2015-04-16 09:21:15
460,461,3520,3521,2015-04-16 09:21:15,2015-04-16 09:21:15
461,462,3521,3526,2015-04-16 09:21:15,2015-04-16 09:21:15
462,463,3526,3530,2015-04-16 09:21:15,2015-04-16 09:21:15
463,464,3527,3529,2015-04-16 09:21:15,2015-04-16 09:21:15
464,465,3529,3527,2015-04-16 09:21:15,2015-04-16 09:21:15
465,466,3530,3531,2015-04-16 09:21:15,2015-04-16 09:21:15
466,467,3531,4021,2015-04-16 09:21:15,2015-04-16 09:21:15
467,468,3533,2293,2015-04-16 09:21:15,2015-04-16 09:21:15
468,469,3535,3540,2015-04-16 09:21:15,2015-04-16 09:21:15
469,470,3540,3566,2015-04-16 09:21:15,2015-04-16 09:21:15
470,471,3550,3502,2015-04-16 09:21:15,2015-04-16 09:21:15
471,472,3563,3471,2015-04-16 09:21:15,2015-04-16 09:21:15
472,473,3566,3535,2015-04-16 09:21:15,2015-04-16 09:21:15
473,474,3578,3613,2015-04-16 09:21:15,2015-04-16 09:21:15
474,475,3579,4316,2015-04-16 09:21:15,2015-04-16 09:21:15
475,476,3581,4026,2015-04-16 09:21:15,2015-04-16 09:21:15
476,477,3582,3600,2015-04-16 09:21:15,2015-04-16 09:21:15
477,478,3588,3603,2015-04-16 09:21:15,2015-04-16 09:21:15
478,479,3594,2310,2015-04-16 09:21:15,2015-04-16 09:21:15
479,480,3595,3616,2015-04-16 09:21:15,2015-04-16 09:21:15
480,481,3600,3601,2015-04-16 09:21:15,2015-04-16 09:21:15
481,482,3601,3604,2015-04-16 09:21:15,2015-04-16 09:21:15
482,483,3603,2699,2015-04-16 09:21:15,2015-04-16 09:21:15
483,484,3604,4028,2015-04-16 09:21:15,2015-04-16 09:21:15
484,485,3611,3619,2015-04-16 09:21:15,2015-04-16 09:21:15
485,486,3612,3880,2015-04-16 09:21:15,2015-04-16 09:21:15
486,487,3613,2708,2015-04-16 09:21:15,2015-04-16 09:21:15
487,488,3616,3595,2015-04-16 09:21:15,2015-04-16 09:21:15
488,489,3617,2709,2015-04-16 09:21:15,2015-04-16 09:21:15
489,490,3619,2706,2015-04-16 09:21:16,2015-04-16 09:21:16
490,491,3623,2659,2015-04-16 09:21:16,2015-04-16 09:21:16
491,492,3624,2660,2015-04-16 09:21:16,2015-04-16 09:21:16
492,493,3626,3651,2015-04-16 09:21:16,2015-04-16 09:21:16
493,494,3627,3628,2015-04-16 09:21:16,2015-04-16 09:21:16
494,495,3628,3627,2015-04-16 09:21:16,2015-04-16 09:21:16
495,496,3631,3633,2015-04-16 09:21:16,2015-04-16 09:21:16
496,497,3632,2251,2015-04-16 09:21:16,2015-04-16 09:21:16
497,498,3633,2661,2015-04-16 09:21:16,2015-04-16 09:21:16
498,499,3634,2675,2015-04-16 09:21:16,2015-04-16 09:21:16
499,500,3635,3638,2015-04-16 09:21:16,2015-04-16 09:21:16
500,501,3636,3637,2015-04-16 09:21:16,2015-04-16 09:21:16
501,502,3637,2270,2015-04-16 09:21:16,2015-04-16 09:21:16
502,503,3638,3635,2015-04-16 09:21:16,2015-04-16 09:21:16
503,504,3642,2296,2015-04-16 09:21:16,2015-04-16 09:21:16
504,505,3651,2291,2015-04-16 09:21:16,2015-04-16 09:21:16
505,506,3652,2330,2015-04-16 09:21:16,2015-04-16 09:21:16
506,507,3656,3716,2015-04-16 09:21:16,2015-04-16 09:21:16
507,508,3659,2344,2015-04-16 09:21:16,2015-04-16 09:21:16
508,509,3661,2362,2015-04-16 09:21:16,2015-04-16 09:21:16
509,510,3667,3706,2015-04-16 09:21:16,2015-04-16 09:21:16
510,511,3668,3765,2015-04-16 09:21:16,2015-04-16 09:21:16
511,512,3669,4048,2015-04-16 09:21:16,2015-04-16 09:21:16
512,513,3670,3733,2015-04-16 09:21:16,2015-04-16 09:21:16
513,514,3671,2371,2015-04-16 09:21:16,2015-04-16 09:21:16
514,515,3672,3743,2015-04-16 09:21:16,2015-04-16 09:21:16
515,516,3678,3737,2015-04-16 09:21:16,2015-04-16 09:21:16
516,517,3683,3689,2015-04-16 09:21:16,2015-04-16 09:21:16
517,518,3689,3683,2015-04-16 09:21:16,2015-04-16 09:21:16
518,519,3691,3756,2015-04-16 09:21:16,2015-04-16 09:21:16
519,520,3693,3758,2015-04-16 09:21:16,2015-04-16 09:21:16
520,521,3694,3696,2015-04-16 09:21:16,2015-04-16 09:21:16
521,522,3696,3698,2015-04-16 09:21:16,2015-04-16 09:21:16
522,523,3697,3404,2015-04-16 09:21:16,2015-04-16 09:21:16
523,524,3698,3694,2015-04-16 09:21:16,2015-04-16 09:21:16
524,525,3702,3751,2015-04-16 09:21:16,2015-04-16 09:21:16
525,526,3706,3667,2015-04-16 09:21:16,2015-04-16 09:21:16
526,527,3710,3723,2015-04-16 09:21:16,2015-04-16 09:21:16
527,528,3711,3783,2015-04-16 09:21:16,2015-04-16 09:21:16
528,529,3716,3656,2015-04-16 09:21:16,2015-04-16 09:21:16
529,530,3717,3742,2015-04-16 09:21:16,2015-04-16 09:21:16
530,531,3723,4070,2015-04-16 09:21:16,2015-04-16 09:21:16
531,532,3724,3769,2015-04-16 09:21:16,2015-04-16 09:21:16
532,533,3730,3731,2015-04-16 09:21:16,2015-04-16 09:21:16
533,534,3731,3730,2015-04-16 09:21:16,2015-04-16 09:21:16
534,535,3733,3670,2015-04-16 09:21:16,2015-04-16 09:21:16
535,536,3737,3788,2015-04-16 09:21:16,2015-04-16 09:21:16
536,537,3738,3790,2015-04-16 09:21:16,2015-04-16 09:21:16
537,538,3740,3789,2015-04-16 09:21:16,2015-04-16 09:21:16
538,539,3742,3749,2015-04-16 09:21:16,2015-04-16 09:21:16
539,540,3743,2321,2015-04-16 09:21:16,2015-04-16 09:21:16
540,541,3747,4050,2015-04-16 09:21:16,2015-04-16 09:21:16
541,542,3749,2470,2015-04-16 09:21:16,2015-04-16 09:21:16
542,543,3751,3752,2015-04-16 09:21:16,2015-04-16 09:21:16
543,544,3752,3753,2015-04-16 09:21:16,2015-04-16 09:21:16
544,545,3753,3762,2015-04-16 09:21:16,2015-04-16 09:21:16
545,546,3754,3757,2015-04-16 09:21:16,2015-04-16 09:21:16
546,547,3756,3691,2015-04-16 09:21:16,2015-04-16 09:21:16
547,548,3757,3795,2015-04-16 09:21:16,2015-04-16 09:21:16
548,549,3758,3760,2015-04-16 09:21:16,2015-04-16 09:21:16
549,550,3760,3693,2015-04-16 09:21:16,2015-04-16 09:21:16
550,551,3762,3702,2015-04-16 09:21:16,2015-04-16 09:21:16
551,552,3765,3668,2015-04-16 09:21:16,2015-04-16 09:21:16
552,553,3769,3724,2015-04-16 09:21:16,2015-04-16 09:21:16
553,554,3770,2324,2015-04-16 09:21:16,2015-04-16 09:21:16
554,555,3783,3711,2015-04-16 09:21:16,2015-04-16 09:21:16
555,556,3788,3798,2015-04-16 09:21:16,2015-04-16 09:21:16
556,557,3789,3740,2015-04-16 09:21:16,2015-04-16 09:21:16
557,558,3790,3738,2015-04-16 09:21:16,2015-04-16 09:21:16
558,559,3795,4055,2015-04-16 09:21:16,2015-04-16 09:21:16
559,560,3796,4069,2015-04-16 09:21:16,2015-04-16 09:21:16
560,561,3798,2391,2015-04-16 09:21:16,2015-04-16 09:21:16
561,562,3799,3333,2015-04-16 09:21:16,2015-04-16 09:21:16
562,563,3802,3823,2015-04-16 09:21:16,2015-04-16 09:21:16
563,564,3803,2333,2015-04-16 09:21:16,2015-04-16 09:21:16
564,565,3804,2733,2015-04-16 09:21:16,2015-04-16 09:21:16
565,566,3805,2734,2015-04-16 09:21:16,2015-04-16 09:21:16
566,567,3807,3820,2015-04-16 09:21:16,2015-04-16 09:21:16
567,568,3808,3830,2015-04-16 09:21:16,2015-04-16 09:21:16
568,569,3810,2725,2015-04-16 09:21:16,2015-04-16 09:21:16
569,570,3815,3829,2015-04-16 09:21:16,2015-04-16 09:21:16
570,571,3817,2724,2015-04-16 09:21:16,2015-04-16 09:21:16
571,572,3818,3828,2015-04-16 09:21:16,2015-04-16 09:21:16
572,573,3820,3825,2015-04-16 09:21:16,2015-04-16 09:21:16
573,574,3822,3826,2015-04-16 09:21:16,2015-04-16 09:21:16
574,575,3823,2327,2015-04-16 09:21:16,2015-04-16 09:21:16
575,576,3824,2328,2015-04-16 09:21:16,2015-04-16 09:21:16
576,577,3825,3848,2015-04-16 09:21:16,2015-04-16 09:21:16
577,578,3826,3831,2015-04-16 09:21:16,2015-04-16 09:21:16
578,579,3828,3860,2015-04-16 09:21:16,2015-04-16 09:21:16
579,580,3829,3815,2015-04-16 09:21:16,2015-04-16 09:21:16
580,581,3830,3849,2015-04-16 09:21:16,2015-04-16 09:21:16
581,582,3831,3834,2015-04-16 09:21:16,2015-04-16 09:21:16
582,583,3834,3838,2015-04-16 09:21:16,2015-04-16 09:21:16
583,584,3837,3864,2015-04-16 09:21:16,2015-04-16 09:21:16
584,585,3838,3822,2015-04-16 09:21:16,2015-04-16 09:21:16
585,586,3845,2730,2015-04-16 09:21:16,2015-04-16 09:21:16
586,587,3848,3807,2015-04-16 09:21:16,2015-04-16 09:21:16
587,588,3849,3850,2015-04-16 09:21:16,2015-04-16 09:21:16
588,589,3850,2720,2015-04-16 09:21:16,2015-04-16 09:21:16
589,590,3851,2731,2015-04-16 09:21:16,2015-04-16 09:21:16
590,591,3860,3818,2015-04-16 09:21:16,2015-04-16 09:21:16
591,592,3861,4444,2015-04-16 09:21:16,2015-04-16 09:21:16
592,593,3863,3382,2015-04-16 09:21:16,2015-04-16 09:21:16
593,594,3864,3837,2015-04-16 09:21:16,2015-04-16 09:21:16
594,595,3865,3873,2015-04-16 09:21:16,2015-04-16 09:21:16
595,596,3870,3871,2015-04-16 09:21:16,2015-04-16 09:21:16
596,597,3871,3870,2015-04-16 09:21:16,2015-04-16 09:21:16
597,598,3873,3876,2015-04-16 09:21:16,2015-04-16 09:21:16
598,599,3876,3865,2015-04-16 09:21:16,2015-04-16 09:21:16
599,600,3878,4154,2015-04-16 09:21:16,2015-04-16 09:21:16
600,601,3879,3915,2015-04-16 09:21:16,2015-04-16 09:21:16
601,602,3880,2741,2015-04-16 09:21:16,2015-04-16 09:21:16
602,603,3881,3885,2015-04-16 09:21:16,2015-04-16 09:21:16
603,604,3884,3890,2015-04-16 09:21:16,2015-04-16 09:21:16
604,605,3885,3886,2015-04-16 09:21:16,2015-04-16 09:21:16
605,606,3886,3894,2015-04-16 09:21:16,2015-04-16 09:21:16
606,607,3887,3935,2015-04-16 09:21:16,2015-04-16 09:21:16
607,608,3890,3891,2015-04-16 09:21:16,2015-04-16 09:21:16
608,609,3891,3884,2015-04-16 09:21:16,2015-04-16 09:21:16
609,610,3893,3943,2015-04-16 09:21:16,2015-04-16 09:21:16
610,611,3894,3881,2015-04-16 09:21:16,2015-04-16 09:21:16
611,612,3895,3896,2015-04-16 09:21:16,2015-04-16 09:21:16
612,613,3896,3895,2015-04-16 09:21:16,2015-04-16 09:21:16
613,614,3898,4156,2015-04-16 09:21:16,2015-04-16 09:21:16
614,615,3902,4045,2015-04-16 09:21:16,2015-04-16 09:21:16
615,616,3904,4360,2015-04-16 09:21:16,2015-04-16 09:21:16
616,617,3911,4039,2015-04-16 09:21:16,2015-04-16 09:21:16
617,618,3914,3141,2015-04-16 09:21:16,2015-04-16 09:21:16
618,619,3915,4137,2015-04-16 09:21:16,2015-04-16 09:21:16
619,620,3921,4086,2015-04-16 09:21:16,2015-04-16 09:21:16
620,621,3928,4139,2015-04-16 09:21:16,2015-04-16 09:21:16
621,622,3929,4138,2015-04-16 09:21:16,2015-04-16 09:21:16
622,623,3930,3934,2015-04-16 09:21:16,2015-04-16 09:21:16
623,624,3934,4145,2015-04-16 09:21:16,2015-04-16 09:21:16
624,625,3935,3936,2015-04-16 09:21:17,2015-04-16 09:21:17
625,626,3936,4044,2015-04-16 09:21:17,2015-04-16 09:21:17
626,627,3938,3940,2015-04-16 09:21:17,2015-04-16 09:21:17
627,628,3940,3035,2015-04-16 09:21:17,2015-04-16 09:21:17
628,629,3941,3055,2015-04-16 09:21:17,2015-04-16 09:21:17
629,630,3942,3058,2015-04-16 09:21:17,2015-04-16 09:21:17
630,631,3943,3945,2015-04-16 09:21:17,2015-04-16 09:21:17
631,632,3945,3948,2015-04-16 09:21:17,2015-04-16 09:21:17
632,633,3948,3956,2015-04-16 09:21:17,2015-04-16 09:21:17
633,634,3949,3108,2015-04-16 09:21:17,2015-04-16 09:21:17
634,635,3950,3109,2015-04-16 09:21:17,2015-04-16 09:21:17
635,636,3951,3110,2015-04-16 09:21:17,2015-04-16 09:21:17
636,637,3952,2761,2015-04-16 09:21:17,2015-04-16 09:21:17
637,638,3955,3124,2015-04-16 09:21:17,2015-04-16 09:21:17
638,639,3956,3978,2015-04-16 09:21:17,2015-04-16 09:21:17
639,640,3962,3150,2015-04-16 09:21:17,2015-04-16 09:21:17
640,641,3964,3969,2015-04-16 09:21:17,2015-04-16 09:21:17
641,642,3965,3144,2015-04-16 09:21:17,2015-04-16 09:21:17
642,643,3966,3320,2015-04-16 09:21:17,2015-04-16 09:21:17
643,644,3969,3970,2015-04-16 09:21:17,2015-04-16 09:21:17
644,645,3970,3145,2015-04-16 09:21:17,2015-04-16 09:21:17
645,646,3976,3174,2015-04-16 09:21:17,2015-04-16 09:21:17
646,647,3977,3979,2015-04-16 09:21:17,2015-04-16 09:21:17
647,648,3978,3049,2015-04-16 09:21:17,2015-04-16 09:21:17
648,649,3979,3980,2015-04-16 09:21:17,2015-04-16 09:21:17
649,650,3980,3982,2015-04-16 09:21:17,2015-04-16 09:21:17
650,651,3981,3181,2015-04-16 09:21:17,2015-04-16 09:21:17
651,652,3982,3977,2015-04-16 09:21:17,2015-04-16 09:21:17
652,653,3985,4090,2015-04-16 09:21:17,2015-04-16 09:21:17
653,654,3988,3300,2015-04-16 09:21:17,2015-04-16 09:21:17
654,655,3989,3305,2015-04-16 09:21:17,2015-04-16 09:21:17
655,656,3992,3334,2015-04-16 09:21:17,2015-04-16 09:21:17
656,657,3994,3350,2015-04-16 09:21:17,2015-04-16 09:21:17
657,658,3997,4003,2015-04-16 09:21:17,2015-04-16 09:21:17
658,659,3998,3360,2015-04-16 09:21:17,2015-04-16 09:21:17
659,660,4001,4009,2015-04-16 09:21:17,2015-04-16 09:21:17
660,661,4003,4005,2015-04-16 09:21:17,2015-04-16 09:21:17
661,662,4004,3348,2015-04-16 09:21:17,2015-04-16 09:21:17
662,663,4005,3997,2015-04-16 09:21:17,2015-04-16 09:21:17
663,664,4009,4001,2015-04-16 09:21:17,2015-04-16 09:21:17
664,665,4011,4015,2015-04-16 09:21:17,2015-04-16 09:21:17
665,666,4013,4023,2015-04-16 09:21:17,2015-04-16 09:21:17
666,667,4015,4011,2015-04-16 09:21:17,2015-04-16 09:21:17
667,668,4019,3487,2015-04-16 09:21:17,2015-04-16 09:21:17
668,669,4021,3520,2015-04-16 09:21:17,2015-04-16 09:21:17
669,670,4023,4013,2015-04-16 09:21:17,2015-04-16 09:21:17
670,671,4026,4037,2015-04-16 09:21:17,2015-04-16 09:21:17
671,672,4028,4033,2015-04-16 09:21:17,2015-04-16 09:21:17
672,673,4033,4035,2015-04-16 09:21:17,2015-04-16 09:21:17
673,674,4035,4038,2015-04-16 09:21:17,2015-04-16 09:21:17
674,675,4037,2703,2015-04-16 09:21:17,2015-04-16 09:21:17
675,676,4038,3582,2015-04-16 09:21:17,2015-04-16 09:21:17
676,677,4039,4042,2015-04-16 09:21:17,2015-04-16 09:21:17
677,678,4040,4041,2015-04-16 09:21:17,2015-04-16 09:21:17
678,679,4041,4040,2015-04-16 09:21:17,2015-04-16 09:21:17
679,680,4042,3911,2015-04-16 09:21:17,2015-04-16 09:21:17
680,681,4043,4244,2015-04-16 09:21:17,2015-04-16 09:21:17
681,682,4044,3887,2015-04-16 09:21:17,2015-04-16 09:21:17
682,683,4045,3902,2015-04-16 09:21:17,2015-04-16 09:21:17
683,684,4048,4051,2015-04-16 09:21:17,2015-04-16 09:21:17
684,685,4049,4053,2015-04-16 09:21:17,2015-04-16 09:21:17
685,686,4050,3747,2015-04-16 09:21:17,2015-04-16 09:21:17
686,687,4051,4052,2015-04-16 09:21:17,2015-04-16 09:21:17
687,688,4052,4059,2015-04-16 09:21:17,2015-04-16 09:21:17
688,689,4053,4049,2015-04-16 09:21:17,2015-04-16 09:21:17
689,690,4055,4057,2015-04-16 09:21:17,2015-04-16 09:21:17
690,691,4057,4079,2015-04-16 09:21:17,2015-04-16 09:21:17
691,692,4059,4075,2015-04-16 09:21:17,2015-04-16 09:21:17
692,693,4069,4072,2015-04-16 09:21:17,2015-04-16 09:21:17
693,694,4070,4082,2015-04-16 09:21:17,2015-04-16 09:21:17
694,695,4072,4073,2015-04-16 09:21:17,2015-04-16 09:21:17
695,696,4073,4074,2015-04-16 09:21:17,2015-04-16 09:21:17
696,697,4074,3796,2015-04-16 09:21:17,2015-04-16 09:21:17
697,698,4075,3669,2015-04-16 09:21:17,2015-04-16 09:21:17
698,699,4079,3754,2015-04-16 09:21:17,2015-04-16 09:21:17
699,700,4082,4083,2015-04-16 09:21:17,2015-04-16 09:21:17
700,701,4083,3710,2015-04-16 09:21:17,2015-04-16 09:21:17
701,702,4085,4172,2015-04-16 09:21:17,2015-04-16 09:21:17
702,703,4086,4091,2015-04-16 09:21:17,2015-04-16 09:21:17
703,704,4090,3202,2015-04-16 09:21:17,2015-04-16 09:21:17
704,705,4091,3921,2015-04-16 09:21:17,2015-04-16 09:21:17
705,706,4095,4099,2015-04-16 09:21:17,2015-04-16 09:21:17
706,707,4097,4098,2015-04-16 09:21:17,2015-04-16 09:21:17
707,708,4098,4105,2015-04-16 09:21:17,2015-04-16 09:21:17
708,709,4099,4100,2015-04-16 09:21:17,2015-04-16 09:21:17
709,710,4100,4095,2015-04-16 09:21:17,2015-04-16 09:21:17
710,711,4101,4181,2015-04-16 09:21:17,2015-04-16 09:21:17
711,712,4102,4103,2015-04-16 09:21:17,2015-04-16 09:21:17
712,713,4103,4102,2015-04-16 09:21:17,2015-04-16 09:21:17
713,714,4104,4191,2015-04-16 09:21:17,2015-04-16 09:21:17
714,715,4105,4127,2015-04-16 09:21:17,2015-04-16 09:21:17
715,716,4106,4192,2015-04-16 09:21:17,2015-04-16 09:21:17
716,717,4108,4193,2015-04-16 09:21:17,2015-04-16 09:21:17
717,718,4110,4202,2015-04-16 09:21:17,2015-04-16 09:21:17
718,719,4111,4112,2015-04-16 09:21:17,2015-04-16 09:21:17
719,720,4112,4111,2015-04-16 09:21:17,2015-04-16 09:21:17
720,721,4114,4211,2015-04-16 09:21:17,2015-04-16 09:21:17
721,722,4116,4121,2015-04-16 09:21:17,2015-04-16 09:21:17
722,723,4121,4122,2015-04-16 09:21:17,2015-04-16 09:21:17
723,724,4122,4132,2015-04-16 09:21:17,2015-04-16 09:21:17
724,725,4125,4235,2015-04-16 09:21:17,2015-04-16 09:21:17
725,726,4127,4097,2015-04-16 09:21:17,2015-04-16 09:21:17
726,727,4132,4134,2015-04-16 09:21:17,2015-04-16 09:21:17
727,728,4133,4255,2015-04-16 09:21:17,2015-04-16 09:21:17
728,729,4134,4228,2015-04-16 09:21:17,2015-04-16 09:21:17
729,730,4135,4263,2015-04-16 09:21:17,2015-04-16 09:21:17
730,731,4137,4157,2015-04-16 09:21:17,2015-04-16 09:21:17
731,732,4138,4141,2015-04-16 09:21:17,2015-04-16 09:21:17
732,733,4139,3928,2015-04-16 09:21:17,2015-04-16 09:21:17
733,734,4141,3929,2015-04-16 09:21:17,2015-04-16 09:21:17
734,735,4145,4162,2015-04-16 09:21:17,2015-04-16 09:21:17
735,736,4146,4148,2015-04-16 09:21:17,2015-04-16 09:21:17
736,737,4148,4146,2015-04-16 09:21:17,2015-04-16 09:21:17
737,738,4154,4158,2015-04-16 09:21:17,2015-04-16 09:21:17
738,739,4156,3898,2015-04-16 09:21:17,2015-04-16 09:21:17
739,740,4157,3879,2015-04-16 09:21:17,2015-04-16 09:21:17
740,741,4158,3878,2015-04-16 09:21:17,2015-04-16 09:21:17
741,742,4161,4175,2015-04-16 09:21:17,2015-04-16 09:21:17
742,743,4162,4335,2015-04-16 09:21:17,2015-04-16 09:21:17
743,744,4167,4168,2015-04-16 09:21:17,2015-04-16 09:21:17
744,745,4168,4167,2015-04-16 09:21:17,2015-04-16 09:21:17
745,746,4171,4375,2015-04-16 09:21:17,2015-04-16 09:21:17
746,747,4172,4085,2015-04-16 09:21:17,2015-04-16 09:21:17
747,748,4175,4367,2015-04-16 09:21:17,2015-04-16 09:21:17
748,749,4180,4248,2015-04-16 09:21:17,2015-04-16 09:21:17
749,750,4181,4188,2015-04-16 09:21:17,2015-04-16 09:21:17
750,751,4188,4101,2015-04-16 09:21:17,2015-04-16 09:21:17
751,752,4191,4104,2015-04-16 09:21:17,2015-04-16 09:21:17
752,753,4192,4106,2015-04-16 09:21:17,2015-04-16 09:21:17
753,754,4193,4108,2015-04-16 09:21:17,2015-04-16 09:21:17
754,755,4202,4110,2015-04-16 09:21:17,2015-04-16 09:21:17
755,756,4203,4204,2015-04-16 09:21:17,2015-04-16 09:21:17
756,757,4204,4203,2015-04-16 09:21:17,2015-04-16 09:21:17
757,758,4206,4212,2015-04-16 09:21:17,2015-04-16 09:21:17
758,759,4209,4210,2015-04-16 09:21:17,2015-04-16 09:21:17
759,760,4210,4216,2015-04-16 09:21:17,2015-04-16 09:21:17
760,761,4211,4114,2015-04-16 09:21:17,2015-04-16 09:21:17
761,762,4212,4206,2015-04-16 09:21:17,2015-04-16 09:21:17
762,763,4215,4247,2015-04-16 09:21:17,2015-04-16 09:21:17
763,764,4216,4217,2015-04-16 09:21:17,2015-04-16 09:21:17
764,765,4217,4218,2015-04-16 09:21:17,2015-04-16 09:21:17
765,766,4218,4219,2015-04-16 09:21:17,2015-04-16 09:21:17
766,767,4219,4209,2015-04-16 09:21:17,2015-04-16 09:21:17
767,768,4222,4258,2015-04-16 09:21:17,2015-04-16 09:21:17
768,769,4224,4227,2015-04-16 09:21:17,2015-04-16 09:21:17
769,770,4225,4226,2015-04-16 09:21:17,2015-04-16 09:21:17
770,771,4226,4234,2015-04-16 09:21:18,2015-04-16 09:21:18
771,772,4227,4224,2015-04-16 09:21:18,2015-04-16 09:21:18
772,773,4228,4253,2015-04-16 09:21:18,2015-04-16 09:21:18
773,774,4231,4251,2015-04-16 09:21:18,2015-04-16 09:21:18
774,775,4234,4250,2015-04-16 09:21:18,2015-04-16 09:21:18
775,776,4235,4281,2015-04-16 09:21:18,2015-04-16 09:21:18
776,777,4237,4238,2015-04-16 09:21:18,2015-04-16 09:21:18
777,778,4238,4237,2015-04-16 09:21:18,2015-04-16 09:21:18
778,779,4244,4043,2015-04-16 09:21:18,2015-04-16 09:21:18
779,780,4245,2348,2015-04-16 09:21:18,2015-04-16 09:21:18
780,781,4247,4215,2015-04-16 09:21:18,2015-04-16 09:21:18
781,782,4248,4180,2015-04-16 09:21:18,2015-04-16 09:21:18
782,783,4250,4269,2015-04-16 09:21:18,2015-04-16 09:21:18
783,784,4251,4257,2015-04-16 09:21:18,2015-04-16 09:21:18
784,785,4253,4116,2015-04-16 09:21:18,2015-04-16 09:21:18
785,786,4255,4133,2015-04-16 09:21:18,2015-04-16 09:21:18
786,787,4257,2625,2015-04-16 09:21:18,2015-04-16 09:21:18
787,788,4258,4261,2015-04-16 09:21:18,2015-04-16 09:21:18
788,789,4259,4260,2015-04-16 09:21:18,2015-04-16 09:21:18
789,790,4260,4259,2015-04-16 09:21:18,2015-04-16 09:21:18
790,791,4261,4264,2015-04-16 09:21:18,2015-04-16 09:21:18
791,792,4263,4135,2015-04-16 09:21:18,2015-04-16 09:21:18
792,793,4264,4222,2015-04-16 09:21:18,2015-04-16 09:21:18
793,794,4266,4270,2015-04-16 09:21:18,2015-04-16 09:21:18
794,795,4269,4225,2015-04-16 09:21:18,2015-04-16 09:21:18
795,796,4270,4266,2015-04-16 09:21:18,2015-04-16 09:21:18
796,797,4271,4285,2015-04-16 09:21:18,2015-04-16 09:21:18
797,798,4281,4125,2015-04-16 09:21:18,2015-04-16 09:21:18
798,799,4285,4271,2015-04-16 09:21:18,2015-04-16 09:21:18
799,800,4289,4320,2015-04-16 09:21:18,2015-04-16 09:21:18
800,801,4291,2845,2015-04-16 09:21:18,2015-04-16 09:21:18
801,802,4293,2282,2015-04-16 09:21:18,2015-04-16 09:21:18
802,803,4294,4295,2015-04-16 09:21:18,2015-04-16 09:21:18
803,804,4295,4294,2015-04-16 09:21:18,2015-04-16 09:21:18
804,805,4296,4365,2015-04-16 09:21:18,2015-04-16 09:21:18
805,806,4299,4310,2015-04-16 09:21:18,2015-04-16 09:21:18
806,807,4303,4304,2015-04-16 09:21:18,2015-04-16 09:21:18
807,808,4304,4303,2015-04-16 09:21:18,2015-04-16 09:21:18
808,809,4310,4311,2015-04-16 09:21:18,2015-04-16 09:21:18
809,810,4311,4299,2015-04-16 09:21:18,2015-04-16 09:21:18
810,811,4312,2750,2015-04-16 09:21:18,2015-04-16 09:21:18
811,812,4314,4331,2015-04-16 09:21:18,2015-04-16 09:21:18
812,813,4316,3579,2015-04-16 09:21:18,2015-04-16 09:21:18
813,814,4317,4321,2015-04-16 09:21:18,2015-04-16 09:21:18
814,815,4318,4374,2015-04-16 09:21:18,2015-04-16 09:21:18
815,816,4319,2352,2015-04-16 09:21:18,2015-04-16 09:21:18
816,817,4320,2353,2015-04-16 09:21:18,2015-04-16 09:21:18
817,818,4321,2354,2015-04-16 09:21:18,2015-04-16 09:21:18
818,819,4322,4431,2015-04-16 09:21:18,2015-04-16 09:21:18
819,820,4323,4325,2015-04-16 09:21:18,2015-04-16 09:21:18
820,821,4325,4323,2015-04-16 09:21:18,2015-04-16 09:21:18
821,822,4326,4366,2015-04-16 09:21:18,2015-04-16 09:21:18
822,823,4327,4433,2015-04-16 09:21:18,2015-04-16 09:21:18
823,824,4328,2361,2015-04-16 09:21:18,2015-04-16 09:21:18
824,825,4331,4332,2015-04-16 09:21:18,2015-04-16 09:21:18
825,826,4332,4336,2015-04-16 09:21:18,2015-04-16 09:21:18
826,827,4333,4347,2015-04-16 09:21:18,2015-04-16 09:21:18
827,828,4334,4426,2015-04-16 09:21:18,2015-04-16 09:21:18
828,829,4335,4344,2015-04-16 09:21:18,2015-04-16 09:21:18
829,830,4336,4342,2015-04-16 09:21:18,2015-04-16 09:21:18
830,831,4338,4420,2015-04-16 09:21:18,2015-04-16 09:21:18
831,832,4342,4346,2015-04-16 09:21:18,2015-04-16 09:21:18
832,833,4344,3930,2015-04-16 09:21:18,2015-04-16 09:21:18
833,834,4346,4348,2015-04-16 09:21:18,2015-04-16 09:21:18
834,835,4347,4333,2015-04-16 09:21:18,2015-04-16 09:21:18
835,836,4348,4349,2015-04-16 09:21:18,2015-04-16 09:21:18
836,837,4349,4369,2015-04-16 09:21:18,2015-04-16 09:21:18
837,838,4354,4357,2015-04-16 09:21:18,2015-04-16 09:21:18
838,839,4355,4359,2015-04-16 09:21:18,2015-04-16 09:21:18
839,840,4357,4354,2015-04-16 09:21:18,2015-04-16 09:21:18
840,841,4359,4355,2015-04-16 09:21:18,2015-04-16 09:21:18
841,842,4360,4361,2015-04-16 09:21:18,2015-04-16 09:21:18
842,843,4361,3904,2015-04-16 09:21:18,2015-04-16 09:21:18
843,844,4365,4296,2015-04-16 09:21:18,2015-04-16 09:21:18
844,845,4366,4326,2015-04-16 09:21:18,2015-04-16 09:21:18
845,846,4367,4161,2015-04-16 09:21:18,2015-04-16 09:21:18
846,847,4369,4370,2015-04-16 09:21:18,2015-04-16 09:21:18
847,848,4370,4371,2015-04-16 09:21:18,2015-04-16 09:21:18
848,849,4371,4314,2015-04-16 09:21:18,2015-04-16 09:21:18
849,850,4372,2224,2015-04-16 09:21:18,2015-04-16 09:21:18
850,851,4374,2359,2015-04-16 09:21:18,2015-04-16 09:21:18
851,852,4375,4377,2015-04-16 09:21:18,2015-04-16 09:21:18
852,853,4377,4388,2015-04-16 09:21:18,2015-04-16 09:21:18
853,854,4381,4382,2015-04-16 09:21:18,2015-04-16 09:21:18
854,855,4382,4383,2015-04-16 09:21:18,2015-04-16 09:21:18
855,856,4383,4402,2015-04-16 09:21:18,2015-04-16 09:21:18
856,857,4388,4399,2015-04-16 09:21:18,2015-04-16 09:21:18
857,858,4389,4440,2015-04-16 09:21:18,2015-04-16 09:21:18
858,859,4393,2358,2015-04-16 09:21:18,2015-04-16 09:21:18
859,860,4399,4434,2015-04-16 09:21:18,2015-04-16 09:21:18
860,861,4402,4381,2015-04-16 09:21:18,2015-04-16 09:21:18
861,862,4406,2351,2015-04-16 09:21:18,2015-04-16 09:21:18
862,863,4407,4418,2015-04-16 09:21:18,2015-04-16 09:21:18
863,864,4411,3020,2015-04-16 09:21:18,2015-04-16 09:21:18
864,865,4415,4417,2015-04-16 09:21:18,2015-04-16 09:21:18
865,866,4417,2363,2015-04-16 09:21:18,2015-04-16 09:21:18
866,867,4418,4407,2015-04-16 09:21:18,2015-04-16 09:21:18
867,868,4420,2598,2015-04-16 09:21:18,2015-04-16 09:21:18
868,869,4423,2550,2015-04-16 09:21:18,2015-04-16 09:21:18
869,870,4425,2307,2015-04-16 09:21:18,2015-04-16 09:21:18
870,871,4426,4334,2015-04-16 09:21:18,2015-04-16 09:21:18
871,872,4431,4322,2015-04-16 09:21:18,2015-04-16 09:21:18
872,873,4433,4327,2015-04-16 09:21:18,2015-04-16 09:21:18
873,874,4434,4171,2015-04-16 09:21:18,2015-04-16 09:21:18
874,875,4440,4389,2015-04-16 09:21:18,2015-04-16 09:21:18
875,876,4444,3861,2015-04-16 09:21:18,2015-04-16 09:21:18
